ffmpeg version 6.1.1-3ubuntu5 Copyright (c) 2000-2023 the FFmpeg developers
  built with gcc 13 (Ubuntu 13.2.0-23ubuntu3)
  configuration: --prefix=/usr --extra-version=3ubuntu5 --toolchain=hardened --libdir=/usr/lib/x86_64-linux-gnu --incdir=/usr/include/x86_64-linux-gnu --arch=amd64 --enable-gpl --disable-stripping --disable-omx --enable-gnutls --enable-libaom --enable-libass --enable-libbs2b --enable-libcaca --enable-libcdio --enable-libcodec2 --enable-libdav1d --enable-libflite --enable-libfontconfig --enable-libfreetype --enable-libfribidi --enable-libglslang --enable-libgme --enable-libgsm --enable-libharfbuzz --enable-libmp3lame --enable-libmysofa --enable-libopenjpeg --enable-libopenmpt --enable-libopus --enable-librubberband --enable-libshine --enable-libsnappy --enable-libsoxr --enable-libspeex --enable-libtheora --enable-libtwolame --enable-libvidstab --enable-libvorbis --enable-libvpx --enable-libwebp --enable-libx265 --enable-libxml2 --enable-libxvid --enable-libzimg --enable-openal --enable-opencl --enable-opengl --disable-sndio --enable-libvpl --disable-libmfx --enable-libdc1394 --enable-libdrm --enable-libiec61883 --enable-chromaprint --enable-frei0r --enable-ladspa --enable-libbluray --enable-libjack --enable-libpulse --enable-librabbitmq --enable-librist --enable-libsrt --enable-libssh --enable-libsvtav1 --enable-libx264 --enable-libzmq --enable-libzvbi --enable-lv2 --enable-sdl2 --enable-libplacebo --enable-librav1e --enable-pocketsphinx --enable-librsvg --enable-libjxl --enable-shared
  libavutil      58. 29.100 / 58. 29.100
  libavcodec     60. 31.102 / 60. 31.102
  libavformat    60. 16.100 / 60. 16.100
  libavdevice    60.  3.100 / 60.  3.100
  libavfilter     9. 12.100 /  9. 12.100
  libswscale      7.  5.100 /  7.  5.100
  libswresample   4. 12.100 /  4. 12.100
  libpostproc    57.  3.100 / 57.  3.100
[mjpeg @ 0x55e384361f00] EOI missing, emulating
Input #0, image2, from '/tmp/tmpis3fsdhm/source.jpg':
  Duration: 00:00:00.04, start: 0.000000, bitrate: 1753 kb/s
  Stream #0:0: Video: mjpeg (Baseline), yuvj420p(pc, bt470bg/unknown/unknown), 1600x900 [SAR 1:1 DAR 16:9], 25 fps, 25 tbr, 25 tbn
[Parsed_subtitles_3 @ 0x55e384367f80] libass API version: 0x1701000
[Parsed_subtitles_3 @ 0x55e384367f80] libass source: tarball: 0.17.1
[Parsed_subtitles_3 @ 0x55e384367f80] Shaper: FriBidi 1.0.13 (SIMPLE) HarfBuzz-ng 8.3.0 (COMPLEX)
[Parsed_subtitles_3 @ 0x55e384367f80] Using font provider fontconfig
Stream mapping:
  Stream #0:0 -> #0:0 (mjpeg (native) -> mjpeg (native))
Press [q] to stop, [?] for help
[Parsed_subtitles_3 @ 0x55e3843c3b00] libass API version: 0x1701000
[Parsed_subtitles_3 @ 0x55e3843c3b00] libass source: tarball: 0.17.1
[Parsed_subtitles_3 @ 0x55e3843c3b00] Shaper: FriBidi 1.0.13 (SIMPLE) HarfBuzz-ng 8.3.0 (COMPLEX)
[Parsed_subtitles_3 @ 0x55e3843c3b00] Using font provider fontconfig
[swscaler @ 0x55e3846c7240] deprecated pixel format used, make sure you did set range correctly
[swscaler @ 0x55e3846f4e40] deprecated pixel format used, make sure you did set range correctly
    Last message repeated 2 times
[Parsed_subtitles_3 @ 0x55e3843c3b00] fontselect: (Noto Sans Arabic, 700, 0) -> /usr/share/fonts/truetype/noto/NotoSansArabic-Bold.ttf, 0, NotoSansArabic-Bold
Output #0, image2, to '/tmp/tmpis3fsdhm/thumbnail.jpg':
  Metadata:
    encoder         : Lavf60.16.100
  Stream #0:0: Video: mjpeg, yuvj420p(pc, bt470bg/unknown/unknown, progressive), 1280x720 [SAR 1:1 DAR 16:9], q=2-31, 200 kb/s, 25 fps, 25 tbn
    Metadata:
      encoder         : Lavc60.31.102 mjpeg
    Side data:
      cpb: bitrate max/min/avg: 0/0/200000 buffer size: 0 vbv_delay: N/A
frame=    0 fps=0.0 q=3.0 size=       0kB time=00:00:00.00 bitrate=N/A speed=N/A    [out#0/image2 @ 0x55e384363c80] video:21kB audio:0kB subtitle:0kB other streams:0kB global headers:0kB muxing overhead: unknown
frame=    1 fps=0.0 q=3.0 Lsize=N/A time=00:00:00.00 bitrate=N/A speed=   0x    
Input #0, mov,mp4,m4a,3gp,3g2,mj2, from '/tmp/tmpkpnompca/video.mp4':
  Metadata:
    major_brand     : isom
    minor_version   : 512
    compatible_brands: isomiso2avc1mp41
    encoder         : Lavf60.16.100
  Duration: 00:00:04.00, start: 0.000000, bitrate: 9 kb/s
  Stream #0:0[0x1](und): Video: h264 (High) (avc1 / 0x31637661), yuv420p(progressive), 640x360 [SAR 1:1 DAR 16:9], 5 kb/s, 25 fps, 25 tbr, 12800 tbn (default)
    Metadata:
      handler_name    : VideoHandler
      vendor_id       : [0][0][0][0]
      encoder         : Lavc60.31.102 libx264
[aist#1:0/pcm_s16le @ 0x5618eca46040] Guessed Channel Layout: mono
Input #1, wav, from '/tmp/tmpkpnompca/narration.wav':
  Metadata:
    encoder         : Lavf60.16.100
  Duration: 00:00:02.50, bitrate: 705 kb/s
  Stream #1:0: Audio: pcm_s16le ([1][0][0][0] / 0x0001), 44100 Hz, 1 channels, s16, 705 kb/s
[aist#2:0/pcm_s16le @ 0x5618eca64540] Guessed Channel Layout: mono
Input #2, wav, from '/tmp/tmpkpnompca/music.wav':
  Metadata:
    encoder         : Lavf60.16.100
  Duration: 00:00:07.00, bitrate: 705 kb/s
  Stream #2:0: Audio: pcm_s16le ([1][0][0][0] / 0x0001), 44100 Hz, 1 channels, s16, 705 kb/s
Stream mapping:
  Stream #1:0 (pcm_s16le) -> aresample:default
  Stream #2:0 (pcm_s16le) -> aresample:default
  aresample:default -> Stream #0:0 (pcm_s16le)
Press [q] to stop, [?] for help
Output #0, wav, to '/tmp/tmpkpnompca/final-processed-audio.wav':
  Metadata:
    major_brand     : isom
    minor_version   : 512
    compatible_brands: isomiso2avc1mp41
    ISFT            : Lavf60.16.100
  Stream #0:0: Audio: pcm_s16le ([1][0][0][0] / 0x0001), 48000 Hz, mono, s16, 768 kb/s
    Metadata:
      encoder         : Lavc60.31.102 pcm_s16le
[out#0/wav @ 0x5618ecb87440] video:0kB audio:234kB subtitle:0kB other streams:0kB global headers:0kB muxing overhead: 0.032500%
size=     234kB time=00:00:02.49 bitrate= 768.4kbits/s speed=54.7x    
ffmpeg version 6.1.1-3ubuntu5 Copyright (c) 2000-2023 the FFmpeg developers
  built with gcc 13 (Ubuntu 13.2.0-23ubuntu3)
  configuration: --prefix=/usr --extra-version=3ubuntu5 --toolchain=hardened --libdir=/usr/lib/x86_64-linux-gnu --incdir=/usr/include/x86_64-linux-gnu --arch=amd64 --enable-gpl --disable-stripping --disable-omx --enable-gnutls --enable-libaom --enable-libass --enable-libbs2b --enable-libcaca --enable-libcdio --enable-libcodec2 --enable-libdav1d --enable-libflite --enable-libfontconfig --enable-libfreetype --enable-libfribidi --enable-libglslang --enable-libgme --enable-libgsm --enable-libharfbuzz --enable-libmp3lame --enable-libmysofa --enable-libopenjpeg --enable-libopenmpt --enable-libopus --enable-librubberband --enable-libshine --enable-libsnappy --enable-libsoxr --enable-libspeex --enable-libtheora --enable-libtwolame --enable-libvidstab --enable-libvorbis --enable-libvpx --enable-libwebp --enable-libx265 --enable-libxml2 --enable-libxvid --enable-libzimg --enable-openal --enable-opencl --enable-opengl --disable-sndio --enable-libvpl --disable-libmfx --enable-libdc1394 --enable-libdrm --enable-libiec61883 --enable-chromaprint --enable-frei0r --enable-ladspa --enable-libbluray --enable-libjack --enable-libpulse --enable-librabbitmq --enable-librist --enable-libsrt --enable-libssh --enable-libsvtav1 --enable-libx264 --enable-libzmq --enable-libzvbi --enable-lv2 --enable-sdl2 --enable-libplacebo --enable-librav1e --enable-pocketsphinx --enable-librsvg --enable-libjxl --enable-shared
  libavutil      58. 29.100 / 58. 29.100
  libavcodec     60. 31.102 / 60. 31.102
  libavformat    60. 16.100 / 60. 16.100
  libavdevice    60.  3.100 / 60.  3.100
  libavfilter     9. 12.100 /  9. 12.100
  libswscale      7.  5.100 /  7.  5.100
  libswresample   4. 12.100 /  4. 12.100
  libpostproc    57.  3.100 / 57.  3.100
Input #0, mov,mp4,m4a,3gp,3g2,mj2, from '/tmp/tmpkpnompca/video.mp4':
  Metadata:
    major_brand     : isom
    minor_version   : 512
    compatible_brands: isomiso2avc1mp41
    encoder         : Lavf60.16.100
  Duration: 00:00:04.00, start: 0.000000, bitrate: 9 kb/s
  Stream #0:0[0x1](und): Video: h264 (High) (avc1 / 0x31637661), yuv420p(progressive), 640x360 [SAR 1:1 DAR 16:9], 5 kb/s, 25 fps, 25 tbr, 12800 tbn (default)
    Metadata:
      handler_name    : VideoHandler
      vendor_id       : [0][0][0][0]
      encoder         : Lavc60.31.102 libx264
[aist#1:0/pcm_s16le @ 0x55d6a0e40000] Guessed Channel Layout: mono
Input #1, wav, from '/tmp/tmpkpnompca/final-processed-audio.wav':
  Metadata:
    encoder         : Lavf60.16.100
  Duration: 00:00:02.50, bitrate: 768 kb/s
  Stream #1:0: Audio: pcm_s16le ([1][0][0][0] / 0x0001), 48000 Hz, 1 channels, s16, 768 kb/s
Stream mapping:
  Stream #0:0 -> #0:0 (copy)
  Stream #1:0 -> #0:1 (pcm_s16le (native) -> aac (native))
Press [q] to stop, [?] for help
Output #0, mp4, to '/tmp/tmpkpnompca/final.mp4':
  Metadata:
    major_brand     : isom
    minor_version   : 512
    compatible_brands: isomiso2avc1mp41
    encoder         : Lavf60.16.100
  Stream #0:0(und): Video: h264 (High) (avc1 / 0x31637661), yuv420p(progressive), 640x360 [SAR 1:1 DAR 16:9], q=2-31, 5 kb/s, 25 fps, 25 tbr, 12800 tbn (default)
    Metadata:
      handler_name    : VideoHandler
      vendor_id       : [0][0][0][0]
      encoder         : Lavc60.31.102 libx264
  Stream #0:1: Audio: aac (LC) (mp4a / 0x6134706D), 48000 Hz, mono, fltp, 192 kb/s
    Metadata:
      encoder         : Lavc60.31.102 aac
size=       0kB time=-00:00:00.02 bitrate=  -0.0kbits/s speed=N/A    [out#0/mp4 @ 0x55d6a0e4e680] video:2kB audio:41kB subtitle:0kB other streams:0kB global headers:0kB muxing overhead: 7.693349%
size=      47kB time=00:00:02.49 bitrate= 152.9kbits/s speed=  21x    
[aac @ 0x55d6a0e7bc00] Qavg: 62162.719
Input #0, mov,mp4,m4a,3gp,3g2,mj2, from '/tmp/tmp4cfgpw24/video.mp4':
  Metadata:
    major_brand     : isom
    minor_version   : 512
    compatible_brands: isomiso2avc1mp41
    encoder         : Lavf60.16.100
  Duration: 00:00:01.52, start: 0.000000, bitrate: 15 kb/s
  Stream #0:0[0x1](und): Video: h264 (High) (avc1 / 0x31637661), yuv420p(progressive), 640x360 [SAR 1:1 DAR 16:9], 8 kb/s, 25 fps, 25 tbr, 12800 tbn (default)
    Metadata:
      handler_name    : VideoHandler
      vendor_id       : [0][0][0][0]
      encoder         : Lavc60.31.102 libx264
[aist#1:0/pcm_s16le @ 0x55e76e541b40] Guessed Channel Layout: mono
Input #1, wav, from '/tmp/tmp4cfgpw24/music.wav':
  Metadata:
    encoder         : Lavf60.16.100
  Duration: 00:00:06.00, bitrate: 705 kb/s
  Stream #1:0: Audio: pcm_s16le ([1][0][0][0] / 0x0001), 44100 Hz, 1 channels, s16, 705 kb/s
Stream mapping:
  Stream #1:0 (pcm_s16le) -> volume:default
  aresample:default -> Stream #0:0 (pcm_s16le)
Press [q] to stop, [?] for help
Output #0, wav, to '/tmp/tmp4cfgpw24/final-processed-audio.wav':
  Metadata:
    major_brand     : isom
    minor_version   : 512
    compatible_brands: isomiso2avc1mp41
    ISFT            : Lavf60.16.100
  Stream #0:0: Audio: pcm_s16le ([1][0][0][0] / 0x0001), 48000 Hz, mono, s16, 768 kb/s
    Metadata:
      encoder         : Lavc60.31.102 pcm_s16le
[out#0/wav @ 0x55e76e52ba00] video:0kB audio:142kB subtitle:0kB other streams:0kB global headers:0kB muxing overhead: 0.053454%
size=     143kB time=00:00:01.49 bitrate= 778.8kbits/s speed=27.7x    
ffmpeg version 6.1.1-3ubuntu5 Copyright (c) 2000-2023 the FFmpeg developers
  built with gcc 13 (Ubuntu 13.2.0-23ubuntu3)
  configuration: --prefix=/usr --extra-version=3ubuntu5 --toolchain=hardened --libdir=/usr/lib/x86_64-linux-gnu --incdir=/usr/include/x86_64-linux-gnu --arch=amd64 --enable-gpl --disable-stripping --disable-omx --enable-gnutls --enable-libaom --enable-libass --enable-libbs2b --enable-libcaca --enable-libcdio --enable-libcodec2 --enable-libdav1d --enable-libflite --enable-libfontconfig --enable-libfreetype --enable-libfribidi --enable-libglslang --enable-libgme --enable-libgsm --enable-libharfbuzz --enable-libmp3lame --enable-libmysofa --enable-libopenjpeg --enable-libopenmpt --enable-libopus --enable-librubberband --enable-libshine --enable-libsnappy --enable-libsoxr --enable-libspeex --enable-libtheora --enable-libtwolame --enable-libvidstab --enable-libvorbis --enable-libvpx --enable-libwebp --enable-libx265 --enable-libxml2 --enable-libxvid --enable-libzimg --enable-openal --enable-opencl --enable-opengl --disable-sndio --enable-libvpl --disable-libmfx --enable-libdc1394 --enable-libdrm --enable-libiec61883 --enable-chromaprint --enable-frei0r --enable-ladspa --enable-libbluray --enable-libjack --enable-libpulse --enable-librabbitmq --enable-librist --enable-libsrt --enable-libssh --enable-libsvtav1 --enable-libx264 --enable-libzmq --enable-libzvbi --enable-lv2 --enable-sdl2 --enable-libplacebo --enable-librav1e --enable-pocketsphinx --enable-librsvg --enable-libjxl --enable-shared
  libavutil      58. 29.100 / 58. 29.100
  libavcodec     60. 31.102 / 60. 31.102
  libavformat    60. 16.100 / 60. 16.100
  libavdevice    60.  3.100 / 60.  3.100
  libavfilter     9. 12.100 /  9. 12.100
  libswscale      7.  5.100 /  7.  5.100
  libswresample   4. 12.100 /  4. 12.100
  libpostproc    57.  3.100 / 57.  3.100
Input #0, mov,mp4,m4a,3gp,3g2,mj2, from '/tmp/tmp4cfgpw24/video.mp4':
  Metadata:
    major_brand     : isom
    minor_version   : 512
    compatible_brands: isomiso2avc1mp41
    encoder         : Lavf60.16.100
  Duration: 00:00:01.52, start: 0.000000, bitrate: 15 kb/s
  Stream #0:0[0x1](und): Video: h264 (High) (avc1 / 0x31637661), yuv420p(progressive), 640x360 [SAR 1:1 DAR 16:9], 8 kb/s, 25 fps, 25 tbr, 12800 tbn (default)
    Metadata:
      handler_name    : VideoHandler
      vendor_id       : [0][0][0][0]
      encoder         : Lavc60.31.102 libx264
[aist#1:0/pcm_s16le @ 0x557a0375e880] Guessed Channel Layout: mono
Input #1, wav, from '/tmp/tmp4cfgpw24/final-processed-audio.wav':
  Metadata:
    encoder         : Lavf60.16.100
  Duration: 00:00:01.52, bitrate: 768 kb/s
  Stream #1:0: Audio: pcm_s16le ([1][0][0][0] / 0x0001), 48000 Hz, 1 channels, s16, 768 kb/s
Stream mapping:
  Stream #0:0 -> #0:0 (copy)
  Stream #1:0 -> #0:1 (pcm_s16le (native) -> aac (native))
Press [q] to stop, [?] for help
Output #0, mp4, to '/tmp/tmp4cfgpw24/final.mp4':
  Metadata:
    major_brand     : isom
    minor_version   : 512
    compatible_brands: isomiso2avc1mp41
    encoder         : Lavf60.16.100
  Stream #0:0(und): Video: h264 (High) (avc1 / 0x31637661), yuv420p(progressive), 640x360 [SAR 1:1 DAR 16:9], q=2-31, 8 kb/s, 25 fps, 25 tbr, 12800 tbn (default)
    Metadata:
      handler_name    : VideoHandler
      vendor_id       : [0][0][0][0]
      encoder         : Lavc60.31.102 libx264
  Stream #0:1: Audio: aac (LC) (mp4a / 0x6134706D), 48000 Hz, mono, fltp, 192 kb/s
    Metadata:
      encoder         : Lavc60.31.102 aac
size=       0kB time=-00:00:00.02 bitrate=  -0.0kbits/s speed=N/A    [out#0/mp4 @ 0x557a03768880] video:2kB audio:25kB subtitle:0kB other streams:0kB global headers:0kB muxing overhead: 9.612626%
size=      29kB time=00:00:01.51 bitrate= 157.4kbits/s speed=20.3x    
[aac @ 0x557a03795900] Qavg: 60195.180
Input #0, mov,mp4,m4a,3gp,3g2,mj2, from '/tmp/tmpg1gyjo66/video.mp4':
  Metadata:
    major_brand     : isom
    minor_version   : 512
    compatible_brands: isomiso2avc1mp41
    encoder         : Lavf60.16.100
  Duration: 00:00:02.52, start: 0.000000, bitrate: 11 kb/s
  Stream #0:0[0x1](und): Video: h264 (High) (avc1 / 0x31637661), yuv420p(progressive), 640x360 [SAR 1:1 DAR 16:9], 6 kb/s, 25 fps, 25 tbr, 12800 tbn (default)
    Metadata:
      handler_name    : VideoHandler
      vendor_id       : [0][0][0][0]
      encoder         : Lavc60.31.102 libx264
[aist#1:0/pcm_s16le @ 0x560dbc3add00] Guessed Channel Layout: mono
Input #1, wav, from '/tmp/tmpg1gyjo66/narration.wav':
  Metadata:
    encoder         : Lavf60.16.100
  Duration: 00:00:02.20, bitrate: 705 kb/s
  Stream #1:0: Audio: pcm_s16le ([1][0][0][0] / 0x0001), 44100 Hz, 1 channels, s16, 705 kb/s
[aist#2:0/pcm_s16le @ 0x560dbc3e5880] Guessed Channel Layout: mono
Input #2, wav, from '/tmp/tmpg1gyjo66/music.wav':
  Metadata:
    encoder         : Lavf60.16.100
  Duration: 00:00:04.00, bitrate: 705 kb/s
  Stream #2:0: Audio: pcm_s16le ([1][0][0][0] / 0x0001), 44100 Hz, 1 channels, s16, 705 kb/s
Stream mapping:
  Stream #1:0 (pcm_s16le) -> aresample:default
  Stream #2:0 (pcm_s16le) -> aresample:default
  aresample:default -> Stream #0:0 (pcm_s16le)
Press [q] to stop, [?] for help
Output #0, wav, to '/tmp/tmpg1gyjo66/final-processed-audio.wav':
  Metadata:
    major_brand     : isom
    minor_version   : 512
    compatible_brands: isomiso2avc1mp41
    ISFT            : Lavf60.16.100
  Stream #0:0: Audio: pcm_s16le ([1][0][0][0] / 0x0001), 48000 Hz, mono, s16, 768 kb/s
    Metadata:
      encoder         : Lavc60.31.102 pcm_s16le
[out#0/wav @ 0x560dbc3b3ac0] video:0kB audio:206kB subtitle:0kB other streams:0kB global headers:0kB muxing overhead: 0.036932%
size=     206kB time=00:00:02.19 bitrate= 768.4kbits/s speed=52.7x    
ffmpeg version 6.1.1-3ubuntu5 Copyright (c) 2000-2023 the FFmpeg developers
  built with gcc 13 (Ubuntu 13.2.0-23ubuntu3)
  configuration: --prefix=/usr --extra-version=3ubuntu5 --toolchain=hardened --libdir=/usr/lib/x86_64-linux-gnu --incdir=/usr/include/x86_64-linux-gnu --arch=amd64 --enable-gpl --disable-stripping --disable-omx --enable-gnutls --enable-libaom --enable-libass --enable-libbs2b --enable-libcaca --enable-libcdio --enable-libcodec2 --enable-libdav1d --enable-libflite --enable-libfontconfig --enable-libfreetype --enable-libfribidi --enable-libglslang --enable-libgme --enable-libgsm --enable-libharfbuzz --enable-libmp3lame --enable-libmysofa --enable-libopenjpeg --enable-libopenmpt --enable-libopus --enable-librubberband --enable-libshine --enable-libsnappy --enable-libsoxr --enable-libspeex --enable-libtheora --enable-libtwolame --enable-libvidstab --enable-libvorbis --enable-libvpx --enable-libwebp --enable-libx265 --enable-libxml2 --enable-libxvid --enable-libzimg --enable-openal --enable-opencl --enable-opengl --disable-sndio --enable-libvpl --disable-libmfx --enable-libdc1394 --enable-libdrm --enable-libiec61883 --enable-chromaprint --enable-frei0r --enable-ladspa --enable-libbluray --enable-libjack --enable-libpulse --enable-librabbitmq --enable-librist --enable-libsrt --enable-libssh --enable-libsvtav1 --enable-libx264 --enable-libzmq --enable-libzvbi --enable-lv2 --enable-sdl2 --enable-libplacebo --enable-librav1e --enable-pocketsphinx --enable-librsvg --enable-libjxl --enable-shared
  libavutil      58. 29.100 / 58. 29.100
  libavcodec     60. 31.102 / 60. 31.102
  libavformat    60. 16.100 / 60. 16.100
  libavdevice    60.  3.100 / 60.  3.100
  libavfilter     9. 12.100 /  9. 12.100
  libswscale      7.  5.100 /  7.  5.100
  libswresample   4. 12.100 /  4. 12.100
  libpostproc    57.  3.100 / 57.  3.100
Input #0, mov,mp4,m4a,3gp,3g2,mj2, from '/tmp/tmpg1gyjo66/video.mp4':
  Metadata:
    major_brand     : isom
    minor_version   : 512
    compatible_brands: isomiso2avc1mp41
    encoder         : Lavf60.16.100
  Duration: 00:00:02.52, start: 0.000000, bitrate: 11 kb/s
  Stream #0:0[0x1](und): Video: h264 (High) (avc1 / 0x31637661), yuv420p(progressive), 640x360 [SAR 1:1 DAR 16:9], 6 kb/s, 25 fps, 25 tbr, 12800 tbn (default)
    Metadata:
      handler_name    : VideoHandler
      vendor_id       : [0][0][0][0]
      encoder         : Lavc60.31.102 libx264
[aist#1:0/pcm_s16le @ 0x560dc71dc180] Guessed Channel Layout: mono
Input #1, wav, from '/tmp/tmpg1gyjo66/final-processed-audio.wav':
  Metadata:
    encoder         : Lavf60.16.100
  Duration: 00:00:02.20, bitrate: 768 kb/s
  Stream #1:0: Audio: pcm_s16le ([1][0][0][0] / 0x0001), 48000 Hz, 1 channels, s16, 768 kb/s
Stream mapping:
  Stream #0:0 -> #0:0 (copy)
  Stream #1:0 -> #0:1 (pcm_s16le (native) -> aac (native))
Press [q] to stop, [?] for help
Output #0, mp4, to '/tmp/tmpg1gyjo66/final.mp4':
  Metadata:
    major_brand     : isom
    minor_version   : 512
    compatible_brands: isomiso2avc1mp41
    encoder         : Lavf60.16.100
  Stream #0:0(und): Video: h264 (High) (avc1 / 0x31637661), yuv420p(progressive), 640x360 [SAR 1:1 DAR 16:9], q=2-31, 6 kb/s, 25 fps, 25 tbr, 12800 tbn (default)
    Metadata:
      handler_name    : VideoHandler
      vendor_id       : [0][0][0][0]
      encoder         : Lavc60.31.102 libx264
  Stream #0:1: Audio: aac (LC) (mp4a / 0x6134706D), 48000 Hz, mono, fltp, 192 kb/s
    Metadata:
      encoder         : Lavc60.31.102 aac
size=       0kB time=-00:00:00.02 bitrate=  -0.0kbits/s speed=N/A    [out#0/mp4 @ 0x560dc71ea940] video:2kB audio:36kB subtitle:0kB other streams:0kB global headers:0kB muxing overhead: 8.057682%
size=      41kB time=00:00:02.19 bitrate= 154.1kbits/s speed=20.8x    
[aac @ 0x560dc7217d80] Qavg: 61710.934
Input #0, mov,mp4,m4a,3gp,3g2,mj2, from '/tmp/tmp15g5kefj/video.mp4':
  Metadata:
    major_brand     : isom
    minor_version   : 512
    compatible_brands: isomiso2avc1mp41
    encoder         : Lavf60.16.100
  Duration: 00:00:03.52, start: 0.000000, bitrate: 10 kb/s
  Stream #0:0[0x1](und): Video: h264 (High) (avc1 / 0x31637661), yuv420p(progressive), 640x360 [SAR 1:1 DAR 16:9], 5 kb/s, 25 fps, 25 tbr, 12800 tbn (default)
    Metadata:
      handler_name    : VideoHandler
      vendor_id       : [0][0][0][0]
      encoder         : Lavc60.31.102 libx264
[aist#1:0/pcm_s16le @ 0x562692bc5500] Guessed Channel Layout: mono
Input #1, wav, from '/tmp/tmp15g5kefj/narration.wav':
  Metadata:
    encoder         : Lavf60.16.100
  Duration: 00:00:02.00, bitrate: 705 kb/s
  Stream #1:0: Audio: pcm_s16le ([1][0][0][0] / 0x0001), 44100 Hz, 1 channels, s16, 705 kb/s
[aist#2:0/pcm_s16le @ 0x562692c0aac0] Guessed Channel Layout: mono
Input #2, wav, from '/tmp/tmp15g5kefj/music.wav':
  Metadata:
    encoder         : Lavf60.16.100
  Duration: 00:00:06.00, bitrate: 705 kb/s
  Stream #2:0: Audio: pcm_s16le ([1][0][0][0] / 0x0001), 44100 Hz, 1 channels, s16, 705 kb/s
Stream mapping:
  Stream #1:0 (pcm_s16le) -> aresample:default
  Stream #2:0 (pcm_s16le) -> aresample:default
  aresample:default -> Stream #0:0 (pcm_s16le)
Press [q] to stop, [?] for help
Output #0, wav, to '/tmp/tmp15g5kefj/final-processed-audio.wav':
  Metadata:
    major_brand     : isom
    minor_version   : 512
    compatible_brands: isomiso2avc1mp41
    ISFT            : Lavf60.16.100
  Stream #0:0: Audio: pcm_s16le ([1][0][0][0] / 0x0001), 48000 Hz, mono, s16, 768 kb/s
    Metadata:
      encoder         : Lavc60.31.102 pcm_s16le
[out#0/wav @ 0x562692bee5c0] video:0kB audio:188kB subtitle:0kB other streams:0kB global headers:0kB muxing overhead: 0.040625%
size=     188kB time=00:00:01.99 bitrate= 768.4kbits/s speed=51.9x    
ffmpeg version 6.1.1-3ubuntu5 Copyright (c) 2000-2023 the FFmpeg developers
  built with gcc 13 (Ubuntu 13.2.0-23ubuntu3)
  configuration: --prefix=/usr --extra-version=3ubuntu5 --toolchain=hardened --libdir=/usr/lib/x86_64-linux-gnu --incdir=/usr/include/x86_64-linux-gnu --arch=amd64 --enable-gpl --disable-stripping --disable-omx --enable-gnutls --enable-libaom --enable-libass --enable-libbs2b --enable-libcaca --enable-libcdio --enable-libcodec2 --enable-libdav1d --enable-libflite --enable-libfontconfig --enable-libfreetype --enable-libfribidi --enable-libglslang --enable-libgme --enable-libgsm --enable-libharfbuzz --enable-libmp3lame --enable-libmysofa --enable-libopenjpeg --enable-libopenmpt --enable-libopus --enable-librubberband --enable-libshine --enable-libsnappy --enable-libsoxr --enable-libspeex --enable-libtheora --enable-libtwolame --enable-libvidstab --enable-libvorbis --enable-libvpx --enable-libwebp --enable-libx265 --enable-libxml2 --enable-libxvid --enable-libzimg --enable-openal --enable-opencl --enable-opengl --disable-sndio --enable-libvpl --disable-libmfx --enable-libdc1394 --enable-libdrm --enable-libiec61883 --enable-chromaprint --enable-frei0r --enable-ladspa --enable-libbluray --enable-libjack --enable-libpulse --enable-librabbitmq --enable-librist --enable-libsrt --enable-libssh --enable-libsvtav1 --enable-libx264 --enable-libzmq --enable-libzvbi --enable-lv2 --enable-sdl2 --enable-libplacebo --enable-librav1e --enable-pocketsphinx --enable-librsvg --enable-libjxl --enable-shared
  libavutil      58. 29.100 / 58. 29.100
  libavcodec     60. 31.102 / 60. 31.102
  libavformat    60. 16.100 / 60. 16.100
  libavdevice    60.  3.100 / 60.  3.100
  libavfilter     9. 12.100 /  9. 12.100
  libswscale      7.  5.100 /  7.  5.100
  libswresample   4. 12.100 /  4. 12.100
  libpostproc    57.  3.100 / 57.  3.100
Input #0, mov,mp4,m4a,3gp,3g2,mj2, from '/tmp/tmp15g5kefj/video.mp4':
  Metadata:
    major_brand     : isom
    minor_version   : 512
    compatible_brands: isomiso2avc1mp41
    encoder         : Lavf60.16.100
  Duration: 00:00:03.52, start: 0.000000, bitrate: 10 kb/s
  Stream #0:0[0x1](und): Video: h264 (High) (avc1 / 0x31637661), yuv420p(progressive), 640x360 [SAR 1:1 DAR 16:9], 5 kb/s, 25 fps, 25 tbr, 12800 tbn (default)
    Metadata:
      handler_name    : VideoHandler
      vendor_id       : [0][0][0][0]
      encoder         : Lavc60.31.102 libx264
[aist#1:0/pcm_s16le @ 0x55f754b75bc0] Guessed Channel Layout: mono
Input #1, wav, from '/tmp/tmp15g5kefj/final-processed-audio.wav':
  Metadata:
    encoder         : Lavf60.16.100
  Duration: 00:00:02.00, bitrate: 768 kb/s
  Stream #1:0: Audio: pcm_s16le ([1][0][0][0] / 0x0001), 48000 Hz, 1 channels, s16, 768 kb/s
Stream mapping:
  Stream #0:0 -> #0:0 (copy)
  Stream #1:0 -> #0:1 (pcm_s16le (native) -> aac (native))
Press [q] to stop, [?] for help
Output #0, mp4, to '/tmp/tmp15g5kefj/final.mp4':
  Metadata:
    major_brand     : isom
    minor_version   : 512
    compatible_brands: isomiso2avc1mp41
    encoder         : Lavf60.16.100
  Stream #0:0(und): Video: h264 (High) (avc1 / 0x31637661), yuv420p(progressive), 640x360 [SAR 1:1 DAR 16:9], q=2-31, 5 kb/s, 25 fps, 25 tbr, 12800 tbn (default)
    Metadata:
      handler_name    : VideoHandler
      vendor_id       : [0][0][0][0]
      encoder         : Lavc60.31.102 libx264
  Stream #0:1: Audio: aac (LC) (mp4a / 0x6134706D), 48000 Hz, mono, fltp, 192 kb/s
    Metadata:
      encoder         : Lavc60.31.102 aac
size=       0kB time=-00:00:00.02 bitrate=  -0.0kbits/s speed=N/A    [out#0/mp4 @ 0x55f754c05640] video:2kB audio:33kB subtitle:0kB other streams:0kB global headers:0kB muxing overhead: 8.434206%
size=      38kB time=00:00:01.98 bitrate= 156.4kbits/s speed=20.7x    
[aac @ 0x55f754c32640] Qavg: 61339.109
Input #0, mov,mp4,m4a,3gp,3g2,mj2, from '/tmp/tmpf_15j1ue/video.mp4':
  Metadata:
    major_brand     : isom
    minor_version   : 512
    compatible_brands: isomiso2avc1mp41
    encoder         : Lavf60.16.100
  Duration: 00:00:03.00, start: 0.000000, bitrate: 10 kb/s
  Stream #0:0[0x1](und): Video: h264 (High) (avc1 / 0x31637661), yuv420p(progressive), 640x360 [SAR 1:1 DAR 16:9], 6 kb/s, 25 fps, 25 tbr, 12800 tbn (default)
    Metadata:
      handler_name    : VideoHandler
      vendor_id       : [0][0][0][0]
      encoder         : Lavc60.31.102 libx264
[aist#1:0/pcm_s16le @ 0x55b49ce12f80] Guessed Channel Layout: mono
Input #1, wav, from '/tmp/tmpf_15j1ue/narration.wav':
  Metadata:
    encoder         : Lavf60.16.100
  Duration: 00:00:01.50, bitrate: 706 kb/s
  Stream #1:0: Audio: pcm_s16le ([1][0][0][0] / 0x0001), 44100 Hz, 1 channels, s16, 705 kb/s
Stream mapping:
  Stream #1:0 (pcm_s16le) -> anull:default
  aresample:default -> Stream #0:0 (pcm_s16le)
Press [q] to stop, [?] for help
Output #0, wav, to '/tmp/tmpf_15j1ue/final-processed-audio.wav':
  Metadata:
    major_brand     : isom
    minor_version   : 512
    compatible_brands: isomiso2avc1mp41
    ISFT            : Lavf60.16.100
  Stream #0:0: Audio: pcm_s16le ([1][0][0][0] / 0x0001), 48000 Hz, mono, s16, 768 kb/s
    Metadata:
      encoder         : Lavc60.31.102 pcm_s16le
[out#0/wav @ 0x55b49ce15d40] video:0kB audio:141kB subtitle:0kB other streams:0kB global headers:0kB muxing overhead: 0.054167%
size=     141kB time=00:00:01.49 bitrate= 768.6kbits/s speed=60.7x    
ffmpeg version 6.1.1-3ubuntu5 Copyright (c) 2000-2023 the FFmpeg developers
  built with gcc 13 (Ubuntu 13.2.0-23ubuntu3)
  configuration: --prefix=/usr --extra-version=3ubuntu5 --toolchain=hardened --libdir=/usr/lib/x86_64-linux-gnu --incdir=/usr/include/x86_64-linux-gnu --arch=amd64 --enable-gpl --disable-stripping --disable-omx --enable-gnutls --enable-libaom --enable-libass --enable-libbs2b --enable-libcaca --enable-libcdio --enable-libcodec2 --enable-libdav1d --enable-libflite --enable-libfontconfig --enable-libfreetype --enable-libfribidi --enable-libglslang --enable-libgme --enable-libgsm --enable-libharfbuzz --enable-libmp3lame --enable-libmysofa --enable-libopenjpeg --enable-libopenmpt --enable-libopus --enable-librubberband --enable-libshine --enable-libsnappy --enable-libsoxr --enable-libspeex --enable-libtheora --enable-libtwolame --enable-libvidstab --enable-libvorbis --enable-libvpx --enable-libwebp --enable-libx265 --enable-libxml2 --enable-libxvid --enable-libzimg --enable-openal --enable-opencl --enable-opengl --disable-sndio --enable-libvpl --disable-libmfx --enable-libdc1394 --enable-libdrm --enable-libiec61883 --enable-chromaprint --enable-frei0r --enable-ladspa --enable-libbluray --enable-libjack --enable-libpulse --enable-librabbitmq --enable-librist --enable-libsrt --enable-libssh --enable-libsvtav1 --enable-libx264 --enable-libzmq --enable-libzvbi --enable-lv2 --enable-sdl2 --enable-libplacebo --enable-librav1e --enable-pocketsphinx --enable-librsvg --enable-libjxl --enable-shared
  libavutil      58. 29.100 / 58. 29.100
  libavcodec     60. 31.102 / 60. 31.102
  libavformat    60. 16.100 / 60. 16.100
  libavdevice    60.  3.100 / 60.  3.100
  libavfilter     9. 12.100 /  9. 12.100
  libswscale      7.  5.100 /  7.  5.100
  libswresample   4. 12.100 /  4. 12.100
  libpostproc    57.  3.100 / 57.  3.100
Input #0, mov,mp4,m4a,3gp,3g2,mj2, from '/tmp/tmpf_15j1ue/video.mp4':
  Metadata:
    major_brand     : isom
    minor_version   : 512
    compatible_brands: isomiso2avc1mp41
    encoder         : Lavf60.16.100
  Duration: 00:00:03.00, start: 0.000000, bitrate: 10 kb/s
  Stream #0:0[0x1](und): Video: h264 (High) (avc1 / 0x31637661), yuv420p(progressive), 640x360 [SAR 1:1 DAR 16:9], 6 kb/s, 25 fps, 25 tbr, 12800 tbn (default)
    Metadata:
      handler_name    : VideoHandler
      vendor_id       : [0][0][0][0]
      encoder         : Lavc60.31.102 libx264
[aist#1:0/pcm_s16le @ 0x55cfbb2c01c0] Guessed Channel Layout: mono
Input #1, wav, from '/tmp/tmpf_15j1ue/final-processed-audio.wav':
  Metadata:
    encoder         : Lavf60.16.100
  Duration: 00:00:01.50, bitrate: 768 kb/s
  Stream #1:0: Audio: pcm_s16le ([1][0][0][0] / 0x0001), 48000 Hz, 1 channels, s16, 768 kb/s
Stream mapping:
  Stream #0:0 -> #0:0 (copy)
  Stream #1:0 -> #0:1 (pcm_s16le (native) -> aac (native))
Press [q] to stop, [?] for help
Output #0, mp4, to '/tmp/tmpf_15j1ue/final.mp4':
  Metadata:
    major_brand     : isom
    minor_version   : 512
    compatible_brands: isomiso2avc1mp41
    encoder         : Lavf60.16.100
  Stream #0:0(und): Video: h264 (High) (avc1 / 0x31637661), yuv420p(progressive), 640x360 [SAR 1:1 DAR 16:9], q=2-31, 6 kb/s, 25 fps, 25 tbr, 12800 tbn (default)
    Metadata:
      handler_name    : VideoHandler
      vendor_id       : [0][0][0][0]
      encoder         : Lavc60.31.102 libx264
  Stream #0:1: Audio: aac (LC) (mp4a / 0x6134706D), 48000 Hz, mono, fltp, 192 kb/s
    Metadata:
      encoder         : Lavc60.31.102 aac
size=       0kB time=-00:00:00.02 bitrate=  -0.0kbits/s speed=N/A    [out#0/mp4 @ 0x55cfbb2ca0c0] video:2kB audio:25kB subtitle:0kB other streams:0kB global headers:0kB muxing overhead: 9.811474%
size=      29kB time=00:00:01.49 bitrate= 158.8kbits/s speed=18.1x    
[aac @ 0x55cfbb2f7580] Qavg: 59940.910
ffmpeg version 6.1.1-3ubuntu5 Copyright (c) 2000-2023 the FFmpeg developers
  built with gcc 13 (Ubuntu 13.2.0-23ubuntu3)
  configuration: --prefix=/usr --extra-version=3ubuntu5 --toolchain=hardened --libdir=/usr/lib/x86_64-linux-gnu --incdir=/usr/include/x86_64-linux-gnu --arch=amd64 --enable-gpl --disable-stripping --disable-omx --enable-gnutls --enable-libaom --enable-libass --enable-libbs2b --enable-libcaca --enable-libcdio --enable-libcodec2 --enable-libdav1d --enable-libflite --enable-libfontconfig --enable-libfreetype --enable-libfribidi --enable-libglslang --enable-libgme --enable-libgsm --enable-libharfbuzz --enable-libmp3lame --enable-libmysofa --enable-libopenjpeg --enable-libopenmpt --enable-libopus --enable-librubberband --enable-libshine --enable-libsnappy --enable-libsoxr --enable-libspeex --enable-libtheora --enable-libtwolame --enable-libvidstab --enable-libvorbis --enable-libvpx --enable-libwebp --enable-libx265 --enable-libxml2 --enable-libxvid --enable-libzimg --enable-openal --enable-opencl --enable-opengl --disable-sndio --enable-libvpl --disable-libmfx --enable-libdc1394 --enable-libdrm --enable-libiec61883 --enable-chromaprint --enable-frei0r --enable-ladspa --enable-libbluray --enable-libjack --enable-libpulse --enable-librabbitmq --enable-librist --enable-libsrt --enable-libssh --enable-libsvtav1 --enable-libx264 --enable-libzmq --enable-libzvbi --enable-lv2 --enable-sdl2 --enable-libplacebo --enable-librav1e --enable-pocketsphinx --enable-librsvg --enable-libjxl --enable-shared
  libavutil      58. 29.100 / 58. 29.100
  libavcodec     60. 31.102 / 60. 31.102
  libavformat    60. 16.100 / 60. 16.100
  libavdevice    60.  3.100 / 60.  3.100
  libavfilter     9. 12.100 /  9. 12.100
  libswscale      7.  5.100 /  7.  5.100
  libswresample   4. 12.100 /  4. 12.100
  libpostproc    57.  3.100 / 57.  3.100
Input #0, mov,mp4,m4a,3gp,3g2,mj2, from '/tmp/tmpcx78a9ar/src.mp4':
  Metadata:
    major_brand     : isom
    minor_version   : 512
    compatible_brands: isomiso2avc1mp41
    encoder         : Lavf60.16.100
  Duration: 00:00:01.52, start: 0.000000, bitrate: 15 kb/s
  Stream #0:0[0x1](und): Video: h264 (High) (avc1 / 0x31637661), yuv420p(progressive), 640x360 [SAR 1:1 DAR 16:9], 8 kb/s, 25 fps, 25 tbr, 12800 tbn (default)
    Metadata:
      handler_name    : VideoHandler
      vendor_id       : [0][0][0][0]
      encoder         : Lavc60.31.102 libx264
Stream mapping:
  Stream #0:0 -> #0:0 (h264 (native) -> h264 (libx264))
Press [q] to stop, [?] for help
[libx264 @ 0x558c39760b00] using SAR=1/1
[libx264 @ 0x558c39760b00] using cpu capabilities: MMX2 SSE2Fast SSSE3 SSE4.2 AVX FMA3 BMI2 AVX2
[libx264 @ 0x558c39760b00] profile High, level 4.0, 4:2:0, 8-bit
[libx264 @ 0x558c39760b00] 264 - core 164 r3108 31e19f9 - H.264/MPEG-4 AVC codec - Copyleft 2003-2023 - http://www.videolan.org/x264.html - options: cabac=1 ref=1 deblock=1:0:0 analyse=0x3:0x113 me=hex subme=2 psy=1 psy_rd=1.00:0.00 mixed_ref=0 me_range=16 chroma_me=1 trellis=0 8x8dct=1 cqm=0 deadzone=21,11 fast_pskip=1 chroma_qp_offset=0 threads=6 lookahead_threads=2 sliced_threads=0 nr=0 decimate=1 interlaced=0 bluray_compat=0 constrained_intra=0 bframes=3 b_pyramid=2 b_adapt=1 b_bias=0 direct=1 weightb=1 open_gop=0 weightp=1 keyint=250 keyint_min=24 scenecut=40 intra_refresh=0 rc_lookahead=10 rc=crf mbtree=1 crf=20.0 qcomp=0.60 qpmin=0 qpmax=69 qpstep=4 ip_ratio=1.40 aq=1:1.00
Output #0, mp4, to '/tmp/tmpcx78a9ar/prepared.mp4':
  Metadata:
    major_brand     : isom
    minor_version   : 512
    compatible_brands: isomiso2avc1mp41
    encoder         : Lavf60.16.100
  Stream #0:0(und): Video: h264 (avc1 / 0x31637661), yuv420p(tv, progressive), 1080x1920 [SAR 1:1 DAR 9:16], q=2-31, 24 fps, 12288 tbn (default)
    Metadata:
      handler_name    : VideoHandler
      vendor_id       : [0][0][0][0]
      encoder         : Lavc60.31.102 libx264
    Side data:
      cpb: bitrate max/min/avg: 0/0/0 buffer size: 0 vbv_delay: N/A
frame=    0 fps=0.0 q=0.0 size=       0kB time=N/A bitrate=N/A speed=N/A    [out#0/mp4 @ 0x558c396a3940] video:3kB audio:0kB subtitle:0kB other streams:0kB global headers:0kB muxing overhead: 39.850358%
frame=   29 fps=0.0 q=-1.0 Lsize=       4kB time=00:00:01.08 bitrate=  31.7kbits/s speed= 4.5x    
[libx264 @ 0x558c39760b00] frame I:1     Avg QP: 6.00  size:   437
[libx264 @ 0x558c39760b00] frame P:7     Avg QP: 7.43  size:    73
[libx264 @ 0x558c39760b00] frame B:21    Avg QP: 9.67  size:    69
[libx264 @ 0x558c39760b00] consecutive B-frames:  3.4%  0.0%  0.0% 96.6%
[libx264 @ 0x558c39760b00] mb I  I16..4: 100.0%  0.0%  0.0%
[libx264 @ 0x558c39760b00] mb P  I16..4:  0.0%  0.0%  0.0%  P16..4:  0.0%  0.0%  0.0%  0.0%  0.0%    skip:100.0%
[libx264 @ 0x558c39760b00] mb B  I16..4:  0.0%  0.0%  0.0%  B16..8:  0.0%  0.0%  0.0%  direct: 0.0%  skip:100.0%
[libx264 @ 0x558c39760b00] 8x8 transform intra:0.0%
[libx264 @ 0x558c39760b00] coded y,uvDC,uvAC intra: 0.0% 0.0% 0.0% inter: 0.0% 0.0% 0.0%
[libx264 @ 0x558c39760b00] i16 v,h,dc,p: 99%  0%  1%  0%
[libx264 @ 0x558c39760b00] i4 v,h,dc,ddl,ddr,vr,hd,vl,hu:  0%  0% 100%  0%  0%  0%  0%  0%  0%
[libx264 @ 0x558c39760b00] i8c dc,h,v,p: 100%  0%  0%  0%
[libx264 @ 0x558c39760b00] Weighted P-Frames: Y:0.0% UV:0.0%
[libx264 @ 0x558c39760b00] kb/s:15.80
ffmpeg version 6.1.1-3ubuntu5 Copyright (c) 2000-2023 the FFmpeg developers
  built with gcc 13 (Ubuntu 13.2.0-23ubuntu3)
  configuration: --prefix=/usr --extra-version=3ubuntu5 --toolchain=hardened --libdir=/usr/lib/x86_64-linux-gnu --incdir=/usr/include/x86_64-linux-gnu --arch=amd64 --enable-gpl --disable-stripping --disable-omx --enable-gnutls --enable-libaom --enable-libass --enable-libbs2b --enable-libcaca --enable-libcdio --enable-libcodec2 --enable-libdav1d --enable-libflite --enable-libfontconfig --enable-libfreetype --enable-libfribidi --enable-libglslang --enable-libgme --enable-libgsm --enable-libharfbuzz --enable-libmp3lame --enable-libmysofa --enable-libopenjpeg --enable-libopenmpt --enable-libopus --enable-librubberband --enable-libshine --enable-libsnappy --enable-libsoxr --enable-libspeex --enable-libtheora --enable-libtwolame --enable-libvidstab --enable-libvorbis --enable-libvpx --enable-libwebp --enable-libx265 --enable-libxml2 --enable-libxvid --enable-libzimg --enable-openal --enable-opencl --enable-opengl --disable-sndio --enable-libvpl --disable-libmfx --enable-libdc1394 --enable-libdrm --enable-libiec61883 --enable-chromaprint --enable-frei0r --enable-ladspa --enable-libbluray --enable-libjack --enable-libpulse --enable-librabbitmq --enable-librist --enable-libsrt --enable-libssh --enable-libsvtav1 --enable-libx264 --enable-libzmq --enable-libzvbi --enable-lv2 --enable-sdl2 --enable-libplacebo --enable-librav1e --enable-pocketsphinx --enable-librsvg --enable-libjxl --enable-shared
  libavutil      58. 29.100 / 58. 29.100
  libavcodec     60. 31.102 / 60. 31.102
  libavformat    60. 16.100 / 60. 16.100
  libavdevice    60.  3.100 / 60.  3.100
  libavfilter     9. 12.100 /  9. 12.100
  libswscale      7.  5.100 /  7.  5.100
  libswresample   4. 12.100 /  4. 12.100
  libpostproc    57.  3.100 / 57.  3.100
Input #0, mov,mp4,m4a,3gp,3g2,mj2, from '/tmp/tmpcx78a9ar/prepared.mp4':
  Metadata:
    major_brand     : isom
    minor_version   : 512
    compatible_brands: isomiso2avc1mp41
    encoder         : Lavf60.16.100
  Duration: 00:00:01.21, start: 0.000000, bitrate: 28 kb/s
  Stream #0:0[0x1](und): Video: h264 (High) (avc1 / 0x31637661), yuv420p(progressive), 1080x1920 [SAR 1:1 DAR 9:16], 20 kb/s, 24 fps, 24 tbr, 12288 tbn (default)
    Metadata:
      handler_name    : VideoHandler
      vendor_id       : [0][0][0][0]
      encoder         : Lavc60.31.102 libx264
[Parsed_subtitles_0 @ 0x562733fc6600] libass API version: 0x1701000
[Parsed_subtitles_0 @ 0x562733fc6600] libass source: tarball: 0.17.1
[Parsed_subtitles_0 @ 0x562733fc6600] Shaper: FriBidi 1.0.13 (SIMPLE) HarfBuzz-ng 8.3.0 (COMPLEX)
[Parsed_subtitles_0 @ 0x562733fc6600] Using font provider fontconfig
Stream mapping:
  Stream #0:0 -> #0:0 (h264 (native) -> h264 (libx264))
Press [q] to stop, [?] for help
[Parsed_subtitles_0 @ 0x562733fed8c0] libass API version: 0x1701000
[Parsed_subtitles_0 @ 0x562733fed8c0] libass source: tarball: 0.17.1
[Parsed_subtitles_0 @ 0x562733fed8c0] Shaper: FriBidi 1.0.13 (SIMPLE) HarfBuzz-ng 8.3.0 (COMPLEX)
[Parsed_subtitles_0 @ 0x562733fed8c0] Using font provider fontconfig
[Parsed_subtitles_0 @ 0x562733fed8c0] fontselect: (Noto Sans Arabic, 400, 0) -> /usr/share/fonts/truetype/noto/NotoSansArabic-Regular.ttf, 0, NotoSansArabic-Regular
[libx264 @ 0x562733fc6f00] using SAR=1/1
[libx264 @ 0x562733fc6f00] using cpu capabilities: MMX2 SSE2Fast SSSE3 SSE4.2 AVX FMA3 BMI2 AVX2
[libx264 @ 0x562733fc6f00] profile High, level 4.0, 4:2:0, 8-bit
[libx264 @ 0x562733fc6f00] 264 - core 164 r3108 31e19f9 - H.264/MPEG-4 AVC codec - Copyleft 2003-2023 - http://www.videolan.org/x264.html - options: cabac=1 ref=1 deblock=1:0:0 analyse=0x3:0x113 me=hex subme=2 psy=1 psy_rd=1.00:0.00 mixed_ref=0 me_range=16 chroma_me=1 trellis=0 8x8dct=1 cqm=0 deadzone=21,11 fast_pskip=1 chroma_qp_offset=0 threads=6 lookahead_threads=2 sliced_threads=0 nr=0 decimate=1 interlaced=0 bluray_compat=0 constrained_intra=0 bframes=3 b_pyramid=2 b_adapt=1 b_bias=0 direct=1 weightb=1 open_gop=0 weightp=1 keyint=250 keyint_min=24 scenecut=40 intra_refresh=0 rc_lookahead=10 rc=crf mbtree=1 crf=20.0 qcomp=0.60 qpmin=0 qpmax=69 qpstep=4 ip_ratio=1.40 aq=1:1.00
Output #0, mp4, to '/tmp/tmpcx78a9ar/burned.mp4':
  Metadata:
    major_brand     : isom
    minor_version   : 512
    compatible_brands: isomiso2avc1mp41
    encoder         : Lavf60.16.100
  Stream #0:0(und): Video: h264 (avc1 / 0x31637661), yuv420p(progressive), 1080x1920 [SAR 1:1 DAR 9:16], q=2-31, 24 fps, 12288 tbn (default)
    Metadata:
      handler_name    : VideoHandler
      vendor_id       : [0][0][0][0]
      encoder         : Lavc60.31.102 libx264
    Side data:
      cpb: bitrate max/min/avg: 0/0/0 buffer size: 0 vbv_delay: N/A
frame=    0 fps=0.0 q=0.0 size=       0kB time=N/A bitrate=N/A speed=N/A    [out#0/mp4 @ 0x562733ee6080] video:6kB audio:0kB subtitle:0kB other streams:0kB global headers:0kB muxing overhead: 21.127975%
frame=   29 fps=0.0 q=-1.0 Lsize=       7kB time=00:00:01.08 bitrate=  51.9kbits/s speed=4.89x    
[libx264 @ 0x562733fc6f00] frame I:1     Avg QP: 6.19  size:  3106
[libx264 @ 0x562733fc6f00] frame P:7     Avg QP: 9.99  size:    80
[libx264 @ 0x562733fc6f00] frame B:21    Avg QP: 9.67  size:    69
[libx264 @ 0x562733fc6f00] consecutive B-frames:  3.4%  0.0%  0.0% 96.6%
[libx264 @ 0x562733fc6f00] mb I  I16..4: 99.0%  0.0%  0.9%
[libx264 @ 0x562733fc6f00] mb P  I16..4:  0.0%  0.0%  0.0%  P16..4:  0.0%  0.0%  0.0%  0.0%  0.0%    skip:100.0%
[libx264 @ 0x562733fc6f00] mb B  I16..4:  0.0%  0.0%  0.0%  B16..8:  0.0%  0.0%  0.0%  direct: 0.0%  skip:100.0%  L0: 0.0% L1:100.0% BI: 0.0%
[libx264 @ 0x562733fc6f00] 8x8 transform intra:0.0% inter:0.0%
[libx264 @ 0x562733fc6f00] coded y,uvDC,uvAC intra: 0.7% 0.0% 0.0% inter: 0.0% 0.0% 0.0%
[libx264 @ 0x562733fc6f00] i16 v,h,dc,p: 99%  0%  1%  0%
[libx264 @ 0x562733fc6f00] i8 v,h,dc,ddl,ddr,vr,hd,vl,hu: 50%  0% 50%  0%  0%  0%  0%  0%  0%
[libx264 @ 0x562733fc6f00] i4 v,h,dc,ddl,ddr,vr,hd,vl,hu: 35% 28% 22%  4%  2%  3%  2%  2%  3%
[libx264 @ 0x562733fc6f00] i8c dc,h,v,p: 100%  0%  0%  0%
[libx264 @ 0x562733fc6f00] Weighted P-Frames: Y:0.0% UV:0.0%
[libx264 @ 0x562733fc6f00] kb/s:33.83
ffmpeg version 6.1.1-3ubuntu5 Copyright (c) 2000-2023 the FFmpeg developers
  built with gcc 13 (Ubuntu 13.2.0-23ubuntu3)
  configuration: --prefix=/usr --extra-version=3ubuntu5 --toolchain=hardened --libdir=/usr/lib/x86_64-linux-gnu --incdir=/usr/include/x86_64-linux-gnu --arch=amd64 --enable-gpl --disable-stripping --disable-omx --enable-gnutls --enable-libaom --enable-libass --enable-libbs2b --enable-libcaca --enable-libcdio --enable-libcodec2 --enable-libdav1d --enable-libflite --enable-libfontconfig --enable-libfreetype --enable-libfribidi --enable-libglslang --enable-libgme --enable-libgsm --enable-libharfbuzz --enable-libmp3lame --enable-libmysofa --enable-libopenjpeg --enable-libopenmpt --enable-libopus --enable-librubberband --enable-libshine --enable-libsnappy --enable-libsoxr --enable-libspeex --enable-libtheora --enable-libtwolame --enable-libvidstab --enable-libvorbis --enable-libvpx --enable-libwebp --enable-libx265 --enable-libxml2 --enable-libxvid --enable-libzimg --enable-openal --enable-opencl --enable-opengl --disable-sndio --enable-libvpl --disable-libmfx --enable-libdc1394 --enable-libdrm --enable-libiec61883 --enable-chromaprint --enable-frei0r --enable-ladspa --enable-libbluray --enable-libjack --enable-libpulse --enable-librabbitmq --enable-librist --enable-libsrt --enable-libssh --enable-libsvtav1 --enable-libx264 --enable-libzmq --enable-libzvbi --enable-lv2 --enable-sdl2 --enable-libplacebo --enable-librav1e --enable-pocketsphinx --enable-librsvg --enable-libjxl --enable-shared
  libavutil      58. 29.100 / 58. 29.100
  libavcodec     60. 31.102 / 60. 31.102
  libavformat    60. 16.100 / 60. 16.100
  libavdevice    60.  3.100 / 60.  3.100
  libavfilter     9. 12.100 /  9. 12.100
  libswscale      7.  5.100 /  7.  5.100
  libswresample   4. 12.100 /  4. 12.100
  libpostproc    57.  3.100 / 57.  3.100
Input #0, mov,mp4,m4a,3gp,3g2,mj2, from '/tmp/tmpcx78a9ar/burned.mp4':
  Metadata:
    major_brand     : isom
    minor_version   : 512
    compatible_brands: isomiso2avc1mp41
    encoder         : Lavf60.16.100
  Duration: 00:00:01.21, start: 0.000000, bitrate: 46 kb/s
  Stream #0:0[0x1](und): Video: h264 (High) (avc1 / 0x31637661), yuv420p(progressive), 1080x1920 [SAR 1:1 DAR 9:16], 38 kb/s, 24 fps, 24 tbr, 12288 tbn (default)
    Metadata:
      handler_name    : VideoHandler
      vendor_id       : [0][0][0][0]
      encoder         : Lavc60.31.102 libx264
Output #0, mp4, to '/tmp/tmpcx78a9ar/final.mp4':
  Metadata:
    major_brand     : isom
    minor_version   : 512
    compatible_brands: isomiso2avc1mp41
    encoder         : Lavf60.16.100
  Stream #0:0(und): Video: h264 (High) (avc1 / 0x31637661), yuv420p(progressive), 1080x1920 [SAR 1:1 DAR 9:16], q=2-31, 38 kb/s, 24 fps, 24 tbr, 12288 tbn (default)
    Metadata:
      handler_name    : VideoHandler
      vendor_id       : [0][0][0][0]
      encoder         : Lavc60.31.102 libx264
Stream mapping:
  Stream #0:0 -> #0:0 (copy)
Press [q] to stop, [?] for help
size=       0kB time=-00:00:00.08 bitrate=  -0.0kbits/s speed=N/A    [out#0/mp4 @ 0x55949420dfc0] video:6kB audio:0kB subtitle:0kB other streams:0kB global headers:0kB muxing overhead: 21.107087%
size=       7kB time=00:00:01.08 bitrate=  51.9kbits/s speed=1.43e+03x    
ffmpeg version 6.1.1-3ubuntu5 Copyright (c) 2000-2023 the FFmpeg developers
  built with gcc 13 (Ubuntu 13.2.0-23ubuntu3)
  configuration: --prefix=/usr --extra-version=3ubuntu5 --toolchain=hardened --libdir=/usr/lib/x86_64-linux-gnu --incdir=/usr/include/x86_64-linux-gnu --arch=amd64 --enable-gpl --disable-stripping --disable-omx --enable-gnutls --enable-libaom --enable-libass --enable-libbs2b --enable-libcaca --enable-libcdio --enable-libcodec2 --enable-libdav1d --enable-libflite --enable-libfontconfig --enable-libfreetype --enable-libfribidi --enable-libglslang --enable-libgme --enable-libgsm --enable-libharfbuzz --enable-libmp3lame --enable-libmysofa --enable-libopenjpeg --enable-libopenmpt --enable-libopus --enable-librubberband --enable-libshine --enable-libsnappy --enable-libsoxr --enable-libspeex --enable-libtheora --enable-libtwolame --enable-libvidstab --enable-libvorbis --enable-libvpx --enable-libwebp --enable-libx265 --enable-libxml2 --enable-libxvid --enable-libzimg --enable-openal --enable-opencl --enable-opengl --disable-sndio --enable-libvpl --disable-libmfx --enable-libdc1394 --enable-libdrm --enable-libiec61883 --enable-chromaprint --enable-frei0r --enable-ladspa --enable-libbluray --enable-libjack --enable-libpulse --enable-librabbitmq --enable-librist --enable-libsrt --enable-libssh --enable-libsvtav1 --enable-libx264 --enable-libzmq --enable-libzvbi --enable-lv2 --enable-sdl2 --enable-libplacebo --enable-librav1e --enable-pocketsphinx --enable-librsvg --enable-libjxl --enable-shared
  libavutil      58. 29.100 / 58. 29.100
  libavcodec     60. 31.102 / 60. 31.102
  libavformat    60. 16.100 / 60. 16.100
  libavdevice    60.  3.100 / 60.  3.100
  libavfilter     9. 12.100 /  9. 12.100
  libswscale      7.  5.100 /  7.  5.100
  libswresample   4. 12.100 /  4. 12.100
  libpostproc    57.  3.100 / 57.  3.100
[aist#0:0/pcm_s16le @ 0x564dcd7e41c0] Guessed Channel Layout: mono
Input #0, concat, from '/home/runner/work/Isco-Video-Runner/Isco-Video-Runner/engine/output/20260819-072844/narration.txt':
  Duration: N/A, start: 0.000000, bitrate: 705 kb/s
  Stream #0:0: Audio: pcm_s16le ([1][0][0][0] / 0x0001), 44100 Hz, 1 channels, s16, 705 kb/s
Stream mapping:
  Stream #0:0 -> #0:0 (pcm_s16le (native) -> pcm_s16le (native))
Press [q] to stop, [?] for help
Output #0, wav, to '/home/runner/work/Isco-Video-Runner/Isco-Video-Runner/engine/output/20260819-072844/narration.wav':
  Metadata:
    ISFT            : Lavf60.16.100
  Stream #0:0: Audio: pcm_s16le ([1][0][0][0] / 0x0001), 44100 Hz, mono, s16, 705 kb/s
    Metadata:
      encoder         : Lavc60.31.102 pcm_s16le
size=       0kB time=00:00:00.00 bitrate=N/A speed=N/A    [out#0/wav @ 0x564dcd7b7580] video:0kB audio:258kB subtitle:0kB other streams:0kB global headers:0kB muxing overhead: 0.029478%
size=     258kB time=00:00:02.97 bitrate= 712.4kbits/s speed= 872x    
ffmpeg version 6.1.1-3ubuntu5 Copyright (c) 2000-2023 the FFmpeg developers
  built with gcc 13 (Ubuntu 13.2.0-23ubuntu3)
  configuration: --prefix=/usr --extra-version=3ubuntu5 --toolchain=hardened --libdir=/usr/lib/x86_64-linux-gnu --incdir=/usr/include/x86_64-linux-gnu --arch=amd64 --enable-gpl --disable-stripping --disable-omx --enable-gnutls --enable-libaom --enable-libass --enable-libbs2b --enable-libcaca --enable-libcdio --enable-libcodec2 --enable-libdav1d --enable-libflite --enable-libfontconfig --enable-libfreetype --enable-libfribidi --enable-libglslang --enable-libgme --enable-libgsm --enable-libharfbuzz --enable-libmp3lame --enable-libmysofa --enable-libopenjpeg --enable-libopenmpt --enable-libopus --enable-librubberband --enable-libshine --enable-libsnappy --enable-libsoxr --enable-libspeex --enable-libtheora --enable-libtwolame --enable-libvidstab --enable-libvorbis --enable-libvpx --enable-libwebp --enable-libx265 --enable-libxml2 --enable-libxvid --enable-libzimg --enable-openal --enable-opencl --enable-opengl --disable-sndio --enable-libvpl --disable-libmfx --enable-libdc1394 --enable-libdrm --enable-libiec61883 --enable-chromaprint --enable-frei0r --enable-ladspa --enable-libbluray --enable-libjack --enable-libpulse --enable-librabbitmq --enable-librist --enable-libsrt --enable-libssh --enable-libsvtav1 --enable-libx264 --enable-libzmq --enable-libzvbi --enable-lv2 --enable-sdl2 --enable-libplacebo --enable-librav1e --enable-pocketsphinx --enable-librsvg --enable-libjxl --enable-shared
  libavutil      58. 29.100 / 58. 29.100
  libavcodec     60. 31.102 / 60. 31.102
  libavformat    60. 16.100 / 60. 16.100
  libavdevice    60.  3.100 / 60.  3.100
  libavfilter     9. 12.100 /  9. 12.100
  libswscale      7.  5.100 /  7.  5.100
  libswresample   4. 12.100 /  4. 12.100
  libpostproc    57.  3.100 / 57.  3.100
Input #0, mov,mp4,m4a,3gp,3g2,mj2, from '/home/runner/work/Isco-Video-Runner/Isco-Video-Runner/engine/output/20260819-072844/visual-review/01-pexels-1-source.mp4':
  Metadata:
    major_brand     : isom
    minor_version   : 512
    compatible_brands: isomiso2avc1mp41
    encoder         : Lavf60.16.100
  Duration: 00:00:02.00, start: 0.000000, bitrate: 13 kb/s
  Stream #0:0[0x1](und): Video: h264 (High) (avc1 / 0x31637661), yuv420p(progressive), 640x360 [SAR 1:1 DAR 16:9], 7 kb/s, 25 fps, 25 tbr, 12800 tbn (default)
    Metadata:
      handler_name    : VideoHandler
      vendor_id       : [0][0][0][0]
      encoder         : Lavc60.31.102 libx264
Stream mapping:
  Stream #0:0 -> #0:0 (h264 (native) -> h264 (libx264))
Press [q] to stop, [?] for help
[libx264 @ 0x5609ba720580] using SAR=1/1
[libx264 @ 0x5609ba720580] using cpu capabilities: MMX2 SSE2Fast SSSE3 SSE4.2 AVX FMA3 BMI2 AVX2
[libx264 @ 0x5609ba720580] profile High, level 2.1, 4:2:0, 8-bit
[libx264 @ 0x5609ba720580] 264 - core 164 r3108 31e19f9 - H.264/MPEG-4 AVC codec - Copyleft 2003-2023 - http://www.videolan.org/x264.html - options: cabac=1 ref=1 deblock=1:0:0 analyse=0x3:0x113 me=hex subme=2 psy=1 psy_rd=1.00:0.00 mixed_ref=0 me_range=16 chroma_me=1 trellis=0 8x8dct=1 cqm=0 deadzone=21,11 fast_pskip=1 chroma_qp_offset=0 threads=6 lookahead_threads=2 sliced_threads=0 nr=0 decimate=1 interlaced=0 bluray_compat=0 constrained_intra=0 bframes=3 b_pyramid=2 b_adapt=1 b_bias=0 direct=1 weightb=1 open_gop=0 weightp=1 keyint=250 keyint_min=25 scenecut=40 intra_refresh=0 rc_lookahead=10 rc=crf mbtree=1 crf=30.0 qcomp=0.60 qpmin=0 qpmax=69 qpstep=4 ip_ratio=1.40 aq=1:1.00
Output #0, mp4, to '/home/runner/work/Isco-Video-Runner/Isco-Video-Runner/engine/output/20260819-072844/visual-review/01-pexels-1-preview.mp4':
  Metadata:
    major_brand     : isom
    minor_version   : 512
    compatible_brands: isomiso2avc1mp41
    encoder         : Lavf60.16.100
  Stream #0:0(und): Video: h264 (avc1 / 0x31637661), yuv420p(tv, progressive), 480x270 [SAR 1:1 DAR 16:9], q=2-31, 25 fps, 12800 tbn (default)
    Metadata:
      handler_name    : VideoHandler
      vendor_id       : [0][0][0][0]
      encoder         : Lavc60.31.102 libx264
    Side data:
      cpb: bitrate max/min/avg: 0/0/0 buffer size: 0 vbv_delay: N/A
frame=    0 fps=0.0 q=0.0 size=       0kB time=N/A bitrate=N/A speed=N/A    [mp4 @ 0x5609ba664bc0] Starting second pass: moving the moov atom to the beginning of the file
[out#0/mp4 @ 0x5609ba65eac0] video:1kB audio:0kB subtitle:0kB other streams:0kB global headers:0kB muxing overhead: 96.344648%
frame=   50 fps=0.0 q=-1.0 Lsize=       3kB time=00:00:01.88 bitrate=  12.8kbits/s speed=34.7x    
[libx264 @ 0x5609ba720580] frame I:1     Avg QP:17.00  size:    75
[libx264 @ 0x5609ba720580] frame P:13    Avg QP:17.38  size:    18
[libx264 @ 0x5609ba720580] frame B:36    Avg QP:19.67  size:    15
[libx264 @ 0x5609ba720580] consecutive B-frames:  4.0%  0.0%  0.0% 96.0%
[libx264 @ 0x5609ba720580] mb I  I16..4: 99.8%  0.0%  0.2%
[libx264 @ 0x5609ba720580] mb P  I16..4:  0.0%  0.0%  0.0%  P16..4:  0.0%  0.0%  0.0%  0.0%  0.0%    skip:100.0%
[libx264 @ 0x5609ba720580] mb B  I16..4:  0.0%  0.0%  0.0%  B16..8:  0.0%  0.0%  0.0%  direct: 0.0%  skip:100.0%
[libx264 @ 0x5609ba720580] 8x8 transform intra:0.0%
[libx264 @ 0x5609ba720580] coded y,uvDC,uvAC intra: 0.0% 0.0% 0.0% inter: 0.0% 0.0% 0.0%
[libx264 @ 0x5609ba720580] i16 v,h,dc,p: 94%  0%  6%  0%
[libx264 @ 0x5609ba720580] i4 v,h,dc,ddl,ddr,vr,hd,vl,hu:  0%  0% 100%  0%  0%  0%  0%  0%  0%
[libx264 @ 0x5609ba720580] i8c dc,h,v,p: 100%  0%  0%  0%
[libx264 @ 0x5609ba720580] Weighted P-Frames: Y:0.0% UV:0.0%
[libx264 @ 0x5609ba720580] kb/s:3.38
ffmpeg version 6.1.1-3ubuntu5 Copyright (c) 2000-2023 the FFmpeg developers
  built with gcc 13 (Ubuntu 13.2.0-23ubuntu3)
  configuration: --prefix=/usr --extra-version=3ubuntu5 --toolchain=hardened --libdir=/usr/lib/x86_64-linux-gnu --incdir=/usr/include/x86_64-linux-gnu --arch=amd64 --enable-gpl --disable-stripping --disable-omx --enable-gnutls --enable-libaom --enable-libass --enable-libbs2b --enable-libcaca --enable-libcdio --enable-libcodec2 --enable-libdav1d --enable-libflite --enable-libfontconfig --enable-libfreetype --enable-libfribidi --enable-libglslang --enable-libgme --enable-libgsm --enable-libharfbuzz --enable-libmp3lame --enable-libmysofa --enable-libopenjpeg --enable-libopenmpt --enable-libopus --enable-librubberband --enable-libshine --enable-libsnappy --enable-libsoxr --enable-libspeex --enable-libtheora --enable-libtwolame --enable-libvidstab --enable-libvorbis --enable-libvpx --enable-libwebp --enable-libx265 --enable-libxml2 --enable-libxvid --enable-libzimg --enable-openal --enable-opencl --enable-opengl --disable-sndio --enable-libvpl --disable-libmfx --enable-libdc1394 --enable-libdrm --enable-libiec61883 --enable-chromaprint --enable-frei0r --enable-ladspa --enable-libbluray --enable-libjack --enable-libpulse --enable-librabbitmq --enable-librist --enable-libsrt --enable-libssh --enable-libsvtav1 --enable-libx264 --enable-libzmq --enable-libzvbi --enable-lv2 --enable-sdl2 --enable-libplacebo --enable-librav1e --enable-pocketsphinx --enable-librsvg --enable-libjxl --enable-shared
  libavutil      58. 29.100 / 58. 29.100
  libavcodec     60. 31.102 / 60. 31.102
  libavformat    60. 16.100 / 60. 16.100
  libavdevice    60.  3.100 / 60.  3.100
  libavfilter     9. 12.100 /  9. 12.100
  libswscale      7.  5.100 /  7.  5.100
  libswresample   4. 12.100 /  4. 12.100
  libpostproc    57.  3.100 / 57.  3.100
Input #0, mov,mp4,m4a,3gp,3g2,mj2, from '/home/runner/work/Isco-Video-Runner/Isco-Video-Runner/engine/output/20260819-072844/visual-review/01-pixabay-2-source.mp4':
  Metadata:
    major_brand     : isom
    minor_version   : 512
    compatible_brands: isomiso2avc1mp41
    encoder         : Lavf60.16.100
  Duration: 00:00:02.00, start: 0.000000, bitrate: 13 kb/s
  Stream #0:0[0x1](und): Video: h264 (High) (avc1 / 0x31637661), yuv420p(progressive), 640x360 [SAR 1:1 DAR 16:9], 7 kb/s, 25 fps, 25 tbr, 12800 tbn (default)
    Metadata:
      handler_name    : VideoHandler
      vendor_id       : [0][0][0][0]
      encoder         : Lavc60.31.102 libx264
Stream mapping:
  Stream #0:0 -> #0:0 (h264 (native) -> h264 (libx264))
Press [q] to stop, [?] for help
[libx264 @ 0x558d74a48580] using SAR=1/1
[libx264 @ 0x558d74a48580] using cpu capabilities: MMX2 SSE2Fast SSSE3 SSE4.2 AVX FMA3 BMI2 AVX2
[libx264 @ 0x558d74a48580] profile High, level 2.1, 4:2:0, 8-bit
[libx264 @ 0x558d74a48580] 264 - core 164 r3108 31e19f9 - H.264/MPEG-4 AVC codec - Copyleft 2003-2023 - http://www.videolan.org/x264.html - options: cabac=1 ref=1 deblock=1:0:0 analyse=0x3:0x113 me=hex subme=2 psy=1 psy_rd=1.00:0.00 mixed_ref=0 me_range=16 chroma_me=1 trellis=0 8x8dct=1 cqm=0 deadzone=21,11 fast_pskip=1 chroma_qp_offset=0 threads=6 lookahead_threads=2 sliced_threads=0 nr=0 decimate=1 interlaced=0 bluray_compat=0 constrained_intra=0 bframes=3 b_pyramid=2 b_adapt=1 b_bias=0 direct=1 weightb=1 open_gop=0 weightp=1 keyint=250 keyint_min=25 scenecut=40 intra_refresh=0 rc_lookahead=10 rc=crf mbtree=1 crf=30.0 qcomp=0.60 qpmin=0 qpmax=69 qpstep=4 ip_ratio=1.40 aq=1:1.00
Output #0, mp4, to '/home/runner/work/Isco-Video-Runner/Isco-Video-Runner/engine/output/20260819-072844/visual-review/01-pixabay-2-preview.mp4':
  Metadata:
    major_brand     : isom
    minor_version   : 512
    compatible_brands: isomiso2avc1mp41
    encoder         : Lavf60.16.100
  Stream #0:0(und): Video: h264 (avc1 / 0x31637661), yuv420p(tv, progressive), 480x270 [SAR 1:1 DAR 16:9], q=2-31, 25 fps, 12800 tbn (default)
    Metadata:
      handler_name    : VideoHandler
      vendor_id       : [0][0][0][0]
      encoder         : Lavc60.31.102 libx264
    Side data:
      cpb: bitrate max/min/avg: 0/0/0 buffer size: 0 vbv_delay: N/A
frame=    0 fps=0.0 q=0.0 size=       0kB time=N/A bitrate=N/A speed=N/A    [mp4 @ 0x558d7498cbc0] Starting second pass: moving the moov atom to the beginning of the file
[out#0/mp4 @ 0x558d74986ac0] video:1kB audio:0kB subtitle:0kB other streams:0kB global headers:0kB muxing overhead: 96.344648%
frame=   50 fps=0.0 q=-1.0 Lsize=       3kB time=00:00:01.88 bitrate=  12.8kbits/s speed=36.7x    
[libx264 @ 0x558d74a48580] frame I:1     Avg QP:17.00  size:    75
[libx264 @ 0x558d74a48580] frame P:13    Avg QP:17.38  size:    18
[libx264 @ 0x558d74a48580] frame B:36    Avg QP:19.67  size:    15
[libx264 @ 0x558d74a48580] consecutive B-frames:  4.0%  0.0%  0.0% 96.0%
[libx264 @ 0x558d74a48580] mb I  I16..4: 99.8%  0.0%  0.2%
[libx264 @ 0x558d74a48580] mb P  I16..4:  0.0%  0.0%  0.0%  P16..4:  0.0%  0.0%  0.0%  0.0%  0.0%    skip:100.0%
[libx264 @ 0x558d74a48580] mb B  I16..4:  0.0%  0.0%  0.0%  B16..8:  0.0%  0.0%  0.0%  direct: 0.0%  skip:100.0%
[libx264 @ 0x558d74a48580] 8x8 transform intra:0.0%
[libx264 @ 0x558d74a48580] coded y,uvDC,uvAC intra: 0.0% 0.0% 0.0% inter: 0.0% 0.0% 0.0%
[libx264 @ 0x558d74a48580] i16 v,h,dc,p: 94%  0%  6%  0%
[libx264 @ 0x558d74a48580] i4 v,h,dc,ddl,ddr,vr,hd,vl,hu:  0%  0% 100%  0%  0%  0%  0%  0%  0%
[libx264 @ 0x558d74a48580] i8c dc,h,v,p: 100%  0%  0%  0%
[libx264 @ 0x558d74a48580] Weighted P-Frames: Y:0.0% UV:0.0%
[libx264 @ 0x558d74a48580] kb/s:3.38
ffmpeg version 6.1.1-3ubuntu5 Copyright (c) 2000-2023 the FFmpeg developers
  built with gcc 13 (Ubuntu 13.2.0-23ubuntu3)
  configuration: --prefix=/usr --extra-version=3ubuntu5 --toolchain=hardened --libdir=/usr/lib/x86_64-linux-gnu --incdir=/usr/include/x86_64-linux-gnu --arch=amd64 --enable-gpl --disable-stripping --disable-omx --enable-gnutls --enable-libaom --enable-libass --enable-libbs2b --enable-libcaca --enable-libcdio --enable-libcodec2 --enable-libdav1d --enable-libflite --enable-libfontconfig --enable-libfreetype --enable-libfribidi --enable-libglslang --enable-libgme --enable-libgsm --enable-libharfbuzz --enable-libmp3lame --enable-libmysofa --enable-libopenjpeg --enable-libopenmpt --enable-libopus --enable-librubberband --enable-libshine --enable-libsnappy --enable-libsoxr --enable-libspeex --enable-libtheora --enable-libtwolame --enable-libvidstab --enable-libvorbis --enable-libvpx --enable-libwebp --enable-libx265 --enable-libxml2 --enable-libxvid --enable-libzimg --enable-openal --enable-opencl --enable-opengl --disable-sndio --enable-libvpl --disable-libmfx --enable-libdc1394 --enable-libdrm --enable-libiec61883 --enable-chromaprint --enable-frei0r --enable-ladspa --enable-libbluray --enable-libjack --enable-libpulse --enable-librabbitmq --enable-librist --enable-libsrt --enable-libssh --enable-libsvtav1 --enable-libx264 --enable-libzmq --enable-libzvbi --enable-lv2 --enable-sdl2 --enable-libplacebo --enable-librav1e --enable-pocketsphinx --enable-librsvg --enable-libjxl --enable-shared
  libavutil      58. 29.100 / 58. 29.100
  libavcodec     60. 31.102 / 60. 31.102
  libavformat    60. 16.100 / 60. 16.100
  libavdevice    60.  3.100 / 60.  3.100
  libavfilter     9. 12.100 /  9. 12.100
  libswscale      7.  5.100 /  7.  5.100
  libswresample   4. 12.100 /  4. 12.100
  libpostproc    57.  3.100 / 57.  3.100
Input #0, mov,mp4,m4a,3gp,3g2,mj2, from '/home/runner/work/Isco-Video-Runner/Isco-Video-Runner/engine/output/20260819-072844/clips/01-raw.mp4':
  Metadata:
    major_brand     : isom
    minor_version   : 512
    compatible_brands: isomiso2avc1mp41
    encoder         : Lavf60.16.100
  Duration: 00:00:02.00, start: 0.000000, bitrate: 13 kb/s
  Stream #0:0[0x1](und): Video: h264 (High) (avc1 / 0x31637661), yuv420p(progressive), 640x360 [SAR 1:1 DAR 16:9], 7 kb/s, 25 fps, 25 tbr, 12800 tbn (default)
    Metadata:
      handler_name    : VideoHandler
      vendor_id       : [0][0][0][0]
      encoder         : Lavc60.31.102 libx264
Stream mapping:
  Stream #0:0 -> #0:0 (h264 (native) -> h264 (libx264))
Press [q] to stop, [?] for help
[libx264 @ 0x563cdb79f600] using SAR=1/1
[libx264 @ 0x563cdb79f600] using cpu capabilities: MMX2 SSE2Fast SSSE3 SSE4.2 AVX FMA3 BMI2 AVX2
[libx264 @ 0x563cdb79f600] profile High, level 4.0, 4:2:0, 8-bit
[libx264 @ 0x563cdb79f600] 264 - core 164 r3108 31e19f9 - H.264/MPEG-4 AVC codec - Copyleft 2003-2023 - http://www.videolan.org/x264.html - options: cabac=1 ref=1 deblock=1:0:0 analyse=0x3:0x113 me=hex subme=2 psy=1 psy_rd=1.00:0.00 mixed_ref=0 me_range=16 chroma_me=1 trellis=0 8x8dct=1 cqm=0 deadzone=21,11 fast_pskip=1 chroma_qp_offset=0 threads=6 lookahead_threads=2 sliced_threads=0 nr=0 decimate=1 interlaced=0 bluray_compat=0 constrained_intra=0 bframes=3 b_pyramid=2 b_adapt=1 b_bias=0 direct=1 weightb=1 open_gop=0 weightp=1 keyint=250 keyint_min=25 scenecut=40 intra_refresh=0 rc_lookahead=10 rc=crf mbtree=1 crf=20.0 qcomp=0.60 qpmin=0 qpmax=69 qpstep=4 ip_ratio=1.40 aq=1:1.00
Output #0, mp4, to '/home/runner/work/Isco-Video-Runner/Isco-Video-Runner/engine/output/20260819-072844/clips/01-prepared.mp4':
  Metadata:
    major_brand     : isom
    minor_version   : 512
    compatible_brands: isomiso2avc1mp41
    encoder         : Lavf60.16.100
  Stream #0:0(und): Video: h264 (avc1 / 0x31637661), yuv420p(tv, progressive), 1920x1080 [SAR 1:1 DAR 16:9], q=2-31, 30 fps, 15360 tbn (default)
    Metadata:
      handler_name    : VideoHandler
      vendor_id       : [0][0][0][0]
      encoder         : Lavc60.31.102 libx264
    Side data:
      cpb: bitrate max/min/avg: 0/0/0 buffer size: 0 vbv_delay: N/A
frame=    0 fps=0.0 q=0.0 size=       0kB time=N/A bitrate=N/A speed=N/A    [out#0/mp4 @ 0x563cdb6ddb40] video:7kB audio:0kB subtitle:0kB other streams:0kB global headers:0kB muxing overhead: 26.804547%
frame=   90 fps=0.0 q=-1.0 Lsize=       9kB time=00:00:02.90 bitrate=  25.5kbits/s speed=6.25x    
[libx264 @ 0x563cdb79f600] frame I:1     Avg QP: 7.00  size:   428
[libx264 @ 0x563cdb79f600] frame P:23    Avg QP: 8.22  size:    72
[libx264 @ 0x563cdb79f600] frame B:66    Avg QP:10.67  size:    69
[libx264 @ 0x563cdb79f600] consecutive B-frames:  2.2%  0.0%  0.0% 97.8%
[libx264 @ 0x563cdb79f600] mb I  I16..4: 100.0%  0.0%  0.0%
[libx264 @ 0x563cdb79f600] mb P  I16..4:  0.0%  0.0%  0.0%  P16..4:  0.0%  0.0%  0.0%  0.0%  0.0%    skip:100.0%
[libx264 @ 0x563cdb79f600] mb B  I16..4:  0.0%  0.0%  0.0%  B16..8:  0.0%  0.0%  0.0%  direct: 0.0%  skip:100.0%
[libx264 @ 0x563cdb79f600] 8x8 transform intra:0.0%
[libx264 @ 0x563cdb79f600] coded y,uvDC,uvAC intra: 0.0% 0.0% 0.0% inter: 0.0% 0.0% 0.0%
[libx264 @ 0x563cdb79f600] i16 v,h,dc,p: 99%  0%  1%  0%
[libx264 @ 0x563cdb79f600] i4 v,h,dc,ddl,ddr,vr,hd,vl,hu:  0%  0% 100%  0%  0%  0%  0%  0%  0%
[libx264 @ 0x563cdb79f600] i8c dc,h,v,p: 100%  0%  0%  0%
[libx264 @ 0x563cdb79f600] Weighted P-Frames: Y:0.0% UV:0.0%
[libx264 @ 0x563cdb79f600] kb/s:17.63
ffmpeg version 6.1.1-3ubuntu5 Copyright (c) 2000-2023 the FFmpeg developers
  built with gcc 13 (Ubuntu 13.2.0-23ubuntu3)
  configuration: --prefix=/usr --extra-version=3ubuntu5 --toolchain=hardened --libdir=/usr/lib/x86_64-linux-gnu --incdir=/usr/include/x86_64-linux-gnu --arch=amd64 --enable-gpl --disable-stripping --disable-omx --enable-gnutls --enable-libaom --enable-libass --enable-libbs2b --enable-libcaca --enable-libcdio --enable-libcodec2 --enable-libdav1d --enable-libflite --enable-libfontconfig --enable-libfreetype --enable-libfribidi --enable-libglslang --enable-libgme --enable-libgsm --enable-libharfbuzz --enable-libmp3lame --enable-libmysofa --enable-libopenjpeg --enable-libopenmpt --enable-libopus --enable-librubberband --enable-libshine --enable-libsnappy --enable-libsoxr --enable-libspeex --enable-libtheora --enable-libtwolame --enable-libvidstab --enable-libvorbis --enable-libvpx --enable-libwebp --enable-libx265 --enable-libxml2 --enable-libxvid --enable-libzimg --enable-openal --enable-opencl --enable-opengl --disable-sndio --enable-libvpl --disable-libmfx --enable-libdc1394 --enable-libdrm --enable-libiec61883 --enable-chromaprint --enable-frei0r --enable-ladspa --enable-libbluray --enable-libjack --enable-libpulse --enable-librabbitmq --enable-librist --enable-libsrt --enable-libssh --enable-libsvtav1 --enable-libx264 --enable-libzmq --enable-libzvbi --enable-lv2 --enable-sdl2 --enable-libplacebo --enable-librav1e --enable-pocketsphinx --enable-librsvg --enable-libjxl --enable-shared
  libavutil      58. 29.100 / 58. 29.100
  libavcodec     60. 31.102 / 60. 31.102
  libavformat    60. 16.100 / 60. 16.100
  libavdevice    60.  3.100 / 60.  3.100
  libavfilter     9. 12.100 /  9. 12.100
  libswscale      7.  5.100 /  7.  5.100
  libswresample   4. 12.100 /  4. 12.100
  libpostproc    57.  3.100 / 57.  3.100
[mov,mp4,m4a,3gp,3g2,mj2 @ 0x55824db28040] Auto-inserting h264_mp4toannexb bitstream filter
Input #0, concat, from '/home/runner/work/Isco-Video-Runner/Isco-Video-Runner/engine/output/20260819-072844/picture.txt':
  Duration: N/A, start: 0.000000, bitrate: 19 kb/s
  Stream #0:0(und): Video: h264 (High) (avc1 / 0x31637661), yuv420p(progressive), 1920x1080 [SAR 1:1 DAR 16:9], 19 kb/s, 30 fps, 30 tbr, 15360 tbn
    Metadata:
      handler_name    : VideoHandler
      vendor_id       : [0][0][0][0]
      encoder         : Lavc60.31.102 libx264
Output #0, mp4, to '/home/runner/work/Isco-Video-Runner/Isco-Video-Runner/engine/output/20260819-072844/picture.mp4':
  Metadata:
    encoder         : Lavf60.16.100
  Stream #0:0(und): Video: h264 (High) (avc1 / 0x31637661), yuv420p(progressive), 1920x1080 [SAR 1:1 DAR 16:9], q=2-31, 19 kb/s, 30 fps, 30 tbr, 15360 tbn
    Metadata:
      handler_name    : VideoHandler
      vendor_id       : [0][0][0][0]
      encoder         : Lavc60.31.102 libx264
Stream mapping:
  Stream #0:0 -> #0:0 (copy)
Press [q] to stop, [?] for help
size=       0kB time=-00:00:00.06 bitrate=  -0.0kbits/s speed=N/A    [out#0/mp4 @ 0x55824dc12080] video:7kB audio:0kB subtitle:0kB other streams:0kB global headers:0kB muxing overhead: 26.658493%
size=       9kB time=00:00:02.90 bitrate=  25.6kbits/s speed=2.25e+03x    
Input #0, mov,mp4,m4a,3gp,3g2,mj2, from '/home/runner/work/Isco-Video-Runner/Isco-Video-Runner/engine/output/20260819-072844/picture.mp4':
  Metadata:
    major_brand     : isom
    minor_version   : 512
    compatible_brands: isomiso2avc1mp41
    encoder         : Lavf60.16.100
  Duration: 00:00:03.00, start: 0.000000, bitrate: 24 kb/s
  Stream #0:0[0x1](und): Video: h264 (High) (avc1 / 0x31637661), yuv420p(progressive), 1920x1080 [SAR 1:1 DAR 16:9], 19 kb/s, 30 fps, 30 tbr, 15360 tbn (default)
    Metadata:
      handler_name    : VideoHandler
      vendor_id       : [0][0][0][0]
      encoder         : Lavc60.31.102 libx264
[aist#1:0/pcm_s16le @ 0x55b1edaab4c0] Guessed Channel Layout: mono
Input #1, wav, from '/home/runner/work/Isco-Video-Runner/Isco-Video-Runner/engine/output/20260819-072844/narration.wav':
  Metadata:
    encoder         : Lavf60.16.100
  Duration: 00:00:03.00, bitrate: 705 kb/s
  Stream #1:0: Audio: pcm_s16le ([1][0][0][0] / 0x0001), 44100 Hz, 1 channels, s16, 705 kb/s
Stream mapping:
  Stream #1:0 (pcm_s16le) -> anull:default
  aresample:default -> Stream #0:0 (pcm_s16le)
Press [q] to stop, [?] for help
Output #0, wav, to '/home/runner/work/Isco-Video-Runner/Isco-Video-Runner/engine/output/20260819-072844/final-processed-audio.wav':
  Metadata:
    major_brand     : isom
    minor_version   : 512
    compatible_brands: isomiso2avc1mp41
    ISFT            : Lavf60.16.100
  Stream #0:0: Audio: pcm_s16le ([1][0][0][0] / 0x0001), 48000 Hz, mono, s16, 768 kb/s
    Metadata:
      encoder         : Lavc60.31.102 pcm_s16le
[out#0/wav @ 0x55b1eda5d580] video:0kB audio:281kB subtitle:0kB other streams:0kB global headers:0kB muxing overhead: 0.027083%
size=     281kB time=00:00:02.99 bitrate= 768.3kbits/s speed=49.9x    
ffmpeg version 6.1.1-3ubuntu5 Copyright (c) 2000-2023 the FFmpeg developers
  built with gcc 13 (Ubuntu 13.2.0-23ubuntu3)
  configuration: --prefix=/usr --extra-version=3ubuntu5 --toolchain=hardened --libdir=/usr/lib/x86_64-linux-gnu --incdir=/usr/include/x86_64-linux-gnu --arch=amd64 --enable-gpl --disable-stripping --disable-omx --enable-gnutls --enable-libaom --enable-libass --enable-libbs2b --enable-libcaca --enable-libcdio --enable-libcodec2 --enable-libdav1d --enable-libflite --enable-libfontconfig --enable-libfreetype --enable-libfribidi --enable-libglslang --enable-libgme --enable-libgsm --enable-libharfbuzz --enable-libmp3lame --enable-libmysofa --enable-libopenjpeg --enable-libopenmpt --enable-libopus --enable-librubberband --enable-libshine --enable-libsnappy --enable-libsoxr --enable-libspeex --enable-libtheora --enable-libtwolame --enable-libvidstab --enable-libvorbis --enable-libvpx --enable-libwebp --enable-libx265 --enable-libxml2 --enable-libxvid --enable-libzimg --enable-openal --enable-opencl --enable-opengl --disable-sndio --enable-libvpl --disable-libmfx --enable-libdc1394 --enable-libdrm --enable-libiec61883 --enable-chromaprint --enable-frei0r --enable-ladspa --enable-libbluray --enable-libjack --enable-libpulse --enable-librabbitmq --enable-librist --enable-libsrt --enable-libssh --enable-libsvtav1 --enable-libx264 --enable-libzmq --enable-libzvbi --enable-lv2 --enable-sdl2 --enable-libplacebo --enable-librav1e --enable-pocketsphinx --enable-librsvg --enable-libjxl --enable-shared
  libavutil      58. 29.100 / 58. 29.100
  libavcodec     60. 31.102 / 60. 31.102
  libavformat    60. 16.100 / 60. 16.100
  libavdevice    60.  3.100 / 60.  3.100
  libavfilter     9. 12.100 /  9. 12.100
  libswscale      7.  5.100 /  7.  5.100
  libswresample   4. 12.100 /  4. 12.100
  libpostproc    57.  3.100 / 57.  3.100
Input #0, mov,mp4,m4a,3gp,3g2,mj2, from '/home/runner/work/Isco-Video-Runner/Isco-Video-Runner/engine/output/20260819-072844/picture.mp4':
  Metadata:
    major_brand     : isom
    minor_version   : 512
    compatible_brands: isomiso2avc1mp41
    encoder         : Lavf60.16.100
  Duration: 00:00:03.00, start: 0.000000, bitrate: 24 kb/s
  Stream #0:0[0x1](und): Video: h264 (High) (avc1 / 0x31637661), yuv420p(progressive), 1920x1080 [SAR 1:1 DAR 16:9], 19 kb/s, 30 fps, 30 tbr, 15360 tbn (default)
    Metadata:
      handler_name    : VideoHandler
      vendor_id       : [0][0][0][0]
      encoder         : Lavc60.31.102 libx264
[aist#1:0/pcm_s16le @ 0x55c97f46fd00] Guessed Channel Layout: mono
Input #1, wav, from '/home/runner/work/Isco-Video-Runner/Isco-Video-Runner/engine/output/20260819-072844/final-processed-audio.wav':
  Metadata:
    encoder         : Lavf60.16.100
  Duration: 00:00:03.00, bitrate: 768 kb/s
  Stream #1:0: Audio: pcm_s16le ([1][0][0][0] / 0x0001), 48000 Hz, 1 channels, s16, 768 kb/s
Stream mapping:
  Stream #0:0 -> #0:0 (copy)
  Stream #1:0 -> #0:1 (pcm_s16le (native) -> aac (native))
Press [q] to stop, [?] for help
Output #0, mp4, to '/home/runner/work/Isco-Video-Runner/Isco-Video-Runner/engine/output/20260819-072844/final.mp4':
  Metadata:
    major_brand     : isom
    minor_version   : 512
    compatible_brands: isomiso2avc1mp41
    encoder         : Lavf60.16.100
  Stream #0:0(und): Video: h264 (High) (avc1 / 0x31637661), yuv420p(progressive), 1920x1080 [SAR 1:1 DAR 16:9], q=2-31, 19 kb/s, 30 fps, 30 tbr, 15360 tbn (default)
    Metadata:
      handler_name    : VideoHandler
      vendor_id       : [0][0][0][0]
      encoder         : Lavc60.31.102 libx264
  Stream #0:1: Audio: aac (LC) (mp4a / 0x6134706D), 48000 Hz, mono, fltp, 192 kb/s
    Metadata:
      encoder         : Lavc60.31.102 aac
size=       0kB time=-00:00:00.02 bitrate=  -0.0kbits/s speed=N/A    [out#0/mp4 @ 0x55c97f494c00] video:7kB audio:49kB subtitle:0kB other streams:0kB global headers:0kB muxing overhead: 8.176839%
size=      61kB time=00:00:02.98 bitrate= 167.7kbits/s speed=19.7x    
[aac @ 0x55c97f443380] Qavg: 63030.445
ffmpeg version 6.1.1-3ubuntu5 Copyright (c) 2000-2023 the FFmpeg developers
  built with gcc 13 (Ubuntu 13.2.0-23ubuntu3)
  configuration: --prefix=/usr --extra-version=3ubuntu5 --toolchain=hardened --libdir=/usr/lib/x86_64-linux-gnu --incdir=/usr/include/x86_64-linux-gnu --arch=amd64 --enable-gpl --disable-stripping --disable-omx --enable-gnutls --enable-libaom --enable-libass --enable-libbs2b --enable-libcaca --enable-libcdio --enable-libcodec2 --enable-libdav1d --enable-libflite --enable-libfontconfig --enable-libfreetype --enable-libfribidi --enable-libglslang --enable-libgme --enable-libgsm --enable-libharfbuzz --enable-libmp3lame --enable-libmysofa --enable-libopenjpeg --enable-libopenmpt --enable-libopus --enable-librubberband --enable-libshine --enable-libsnappy --enable-libsoxr --enable-libspeex --enable-libtheora --enable-libtwolame --enable-libvidstab --enable-libvorbis --enable-libvpx --enable-libwebp --enable-libx265 --enable-libxml2 --enable-libxvid --enable-libzimg --enable-openal --enable-opencl --enable-opengl --disable-sndio --enable-libvpl --disable-libmfx --enable-libdc1394 --enable-libdrm --enable-libiec61883 --enable-chromaprint --enable-frei0r --enable-ladspa --enable-libbluray --enable-libjack --enable-libpulse --enable-librabbitmq --enable-librist --enable-libsrt --enable-libssh --enable-libsvtav1 --enable-libx264 --enable-libzmq --enable-libzvbi --enable-lv2 --enable-sdl2 --enable-libplacebo --enable-librav1e --enable-pocketsphinx --enable-librsvg --enable-libjxl --enable-shared
  libavutil      58. 29.100 / 58. 29.100
  libavcodec     60. 31.102 / 60. 31.102
  libavformat    60. 16.100 / 60. 16.100
  libavdevice    60.  3.100 / 60.  3.100
  libavfilter     9. 12.100 /  9. 12.100
  libswscale      7.  5.100 /  7.  5.100
  libswresample   4. 12.100 /  4. 12.100
  libpostproc    57.  3.100 / 57.  3.100
[aist#0:0/pcm_s16le @ 0x563762f4a1c0] Guessed Channel Layout: mono
Input #0, concat, from '/home/runner/work/Isco-Video-Runner/Isco-Video-Runner/engine/output/20260819-072846/narration.txt':
  Duration: N/A, start: 0.000000, bitrate: 705 kb/s
  Stream #0:0: Audio: pcm_s16le ([1][0][0][0] / 0x0001), 44100 Hz, 1 channels, s16, 705 kb/s
Stream mapping:
  Stream #0:0 -> #0:0 (pcm_s16le (native) -> pcm_s16le (native))
Press [q] to stop, [?] for help
Output #0, wav, to '/home/runner/work/Isco-Video-Runner/Isco-Video-Runner/engine/output/20260819-072846/narration.wav':
  Metadata:
    ISFT            : Lavf60.16.100
  Stream #0:0: Audio: pcm_s16le ([1][0][0][0] / 0x0001), 44100 Hz, mono, s16, 705 kb/s
    Metadata:
      encoder         : Lavc60.31.102 pcm_s16le
size=       0kB time=00:00:00.00 bitrate=N/A speed=N/A    [out#0/wav @ 0x563762f1d580] video:0kB audio:258kB subtitle:0kB other streams:0kB global headers:0kB muxing overhead: 0.029478%
size=     258kB time=00:00:02.97 bitrate= 712.4kbits/s speed= 882x    
ffmpeg version 6.1.1-3ubuntu5 Copyright (c) 2000-2023 the FFmpeg developers
  built with gcc 13 (Ubuntu 13.2.0-23ubuntu3)
  configuration: --prefix=/usr --extra-version=3ubuntu5 --toolchain=hardened --libdir=/usr/lib/x86_64-linux-gnu --incdir=/usr/include/x86_64-linux-gnu --arch=amd64 --enable-gpl --disable-stripping --disable-omx --enable-gnutls --enable-libaom --enable-libass --enable-libbs2b --enable-libcaca --enable-libcdio --enable-libcodec2 --enable-libdav1d --enable-libflite --enable-libfontconfig --enable-libfreetype --enable-libfribidi --enable-libglslang --enable-libgme --enable-libgsm --enable-libharfbuzz --enable-libmp3lame --enable-libmysofa --enable-libopenjpeg --enable-libopenmpt --enable-libopus --enable-librubberband --enable-libshine --enable-libsnappy --enable-libsoxr --enable-libspeex --enable-libtheora --enable-libtwolame --enable-libvidstab --enable-libvorbis --enable-libvpx --enable-libwebp --enable-libx265 --enable-libxml2 --enable-libxvid --enable-libzimg --enable-openal --enable-opencl --enable-opengl --disable-sndio --enable-libvpl --disable-libmfx --enable-libdc1394 --enable-libdrm --enable-libiec61883 --enable-chromaprint --enable-frei0r --enable-ladspa --enable-libbluray --enable-libjack --enable-libpulse --enable-librabbitmq --enable-librist --enable-libsrt --enable-libssh --enable-libsvtav1 --enable-libx264 --enable-libzmq --enable-libzvbi --enable-lv2 --enable-sdl2 --enable-libplacebo --enable-librav1e --enable-pocketsphinx --enable-librsvg --enable-libjxl --enable-shared
  libavutil      58. 29.100 / 58. 29.100
  libavcodec     60. 31.102 / 60. 31.102
  libavformat    60. 16.100 / 60. 16.100
  libavdevice    60.  3.100 / 60.  3.100
  libavfilter     9. 12.100 /  9. 12.100
  libswscale      7.  5.100 /  7.  5.100
  libswresample   4. 12.100 /  4. 12.100
  libpostproc    57.  3.100 / 57.  3.100
Input #0, mov,mp4,m4a,3gp,3g2,mj2, from '/home/runner/work/Isco-Video-Runner/Isco-Video-Runner/engine/output/20260819-072846/visual-review/01-pexels-1-source.mp4':
  Metadata:
    major_brand     : isom
    minor_version   : 512
    compatible_brands: isomiso2avc1mp41
    encoder         : Lavf60.16.100
  Duration: 00:00:02.00, start: 0.000000, bitrate: 13 kb/s
  Stream #0:0[0x1](und): Video: h264 (High) (avc1 / 0x31637661), yuv420p(progressive), 640x360 [SAR 1:1 DAR 16:9], 7 kb/s, 25 fps, 25 tbr, 12800 tbn (default)
    Metadata:
      handler_name    : VideoHandler
      vendor_id       : [0][0][0][0]
      encoder         : Lavc60.31.102 libx264
Stream mapping:
  Stream #0:0 -> #0:0 (h264 (native) -> h264 (libx264))
Press [q] to stop, [?] for help
[libx264 @ 0x55ec5de33580] using SAR=1/1
[libx264 @ 0x55ec5de33580] using cpu capabilities: MMX2 SSE2Fast SSSE3 SSE4.2 AVX FMA3 BMI2 AVX2
[libx264 @ 0x55ec5de33580] profile High, level 2.1, 4:2:0, 8-bit
[libx264 @ 0x55ec5de33580] 264 - core 164 r3108 31e19f9 - H.264/MPEG-4 AVC codec - Copyleft 2003-2023 - http://www.videolan.org/x264.html - options: cabac=1 ref=1 deblock=1:0:0 analyse=0x3:0x113 me=hex subme=2 psy=1 psy_rd=1.00:0.00 mixed_ref=0 me_range=16 chroma_me=1 trellis=0 8x8dct=1 cqm=0 deadzone=21,11 fast_pskip=1 chroma_qp_offset=0 threads=6 lookahead_threads=2 sliced_threads=0 nr=0 decimate=1 interlaced=0 bluray_compat=0 constrained_intra=0 bframes=3 b_pyramid=2 b_adapt=1 b_bias=0 direct=1 weightb=1 open_gop=0 weightp=1 keyint=250 keyint_min=25 scenecut=40 intra_refresh=0 rc_lookahead=10 rc=crf mbtree=1 crf=30.0 qcomp=0.60 qpmin=0 qpmax=69 qpstep=4 ip_ratio=1.40 aq=1:1.00
Output #0, mp4, to '/home/runner/work/Isco-Video-Runner/Isco-Video-Runner/engine/output/20260819-072846/visual-review/01-pexels-1-preview.mp4':
  Metadata:
    major_brand     : isom
    minor_version   : 512
    compatible_brands: isomiso2avc1mp41
    encoder         : Lavf60.16.100
  Stream #0:0(und): Video: h264 (avc1 / 0x31637661), yuv420p(tv, progressive), 480x270 [SAR 1:1 DAR 16:9], q=2-31, 25 fps, 12800 tbn (default)
    Metadata:
      handler_name    : VideoHandler
      vendor_id       : [0][0][0][0]
      encoder         : Lavc60.31.102 libx264
    Side data:
      cpb: bitrate max/min/avg: 0/0/0 buffer size: 0 vbv_delay: N/A
frame=    0 fps=0.0 q=0.0 size=       0kB time=N/A bitrate=N/A speed=N/A    [mp4 @ 0x55ec5dd77bc0] Starting second pass: moving the moov atom to the beginning of the file
[out#0/mp4 @ 0x55ec5dd71ac0] video:1kB audio:0kB subtitle:0kB other streams:0kB global headers:0kB muxing overhead: 96.344648%
frame=   50 fps=0.0 q=-1.0 Lsize=       3kB time=00:00:01.88 bitrate=  12.8kbits/s speed=37.3x    
[libx264 @ 0x55ec5de33580] frame I:1     Avg QP:17.00  size:    75
[libx264 @ 0x55ec5de33580] frame P:13    Avg QP:17.38  size:    18
[libx264 @ 0x55ec5de33580] frame B:36    Avg QP:19.67  size:    15
[libx264 @ 0x55ec5de33580] consecutive B-frames:  4.0%  0.0%  0.0% 96.0%
[libx264 @ 0x55ec5de33580] mb I  I16..4: 99.8%  0.0%  0.2%
[libx264 @ 0x55ec5de33580] mb P  I16..4:  0.0%  0.0%  0.0%  P16..4:  0.0%  0.0%  0.0%  0.0%  0.0%    skip:100.0%
[libx264 @ 0x55ec5de33580] mb B  I16..4:  0.0%  0.0%  0.0%  B16..8:  0.0%  0.0%  0.0%  direct: 0.0%  skip:100.0%
[libx264 @ 0x55ec5de33580] 8x8 transform intra:0.0%
[libx264 @ 0x55ec5de33580] coded y,uvDC,uvAC intra: 0.0% 0.0% 0.0% inter: 0.0% 0.0% 0.0%
[libx264 @ 0x55ec5de33580] i16 v,h,dc,p: 94%  0%  6%  0%
[libx264 @ 0x55ec5de33580] i4 v,h,dc,ddl,ddr,vr,hd,vl,hu:  0%  0% 100%  0%  0%  0%  0%  0%  0%
[libx264 @ 0x55ec5de33580] i8c dc,h,v,p: 100%  0%  0%  0%
[libx264 @ 0x55ec5de33580] Weighted P-Frames: Y:0.0% UV:0.0%
[libx264 @ 0x55ec5de33580] kb/s:3.38
ffmpeg version 6.1.1-3ubuntu5 Copyright (c) 2000-2023 the FFmpeg developers
  built with gcc 13 (Ubuntu 13.2.0-23ubuntu3)
  configuration: --prefix=/usr --extra-version=3ubuntu5 --toolchain=hardened --libdir=/usr/lib/x86_64-linux-gnu --incdir=/usr/include/x86_64-linux-gnu --arch=amd64 --enable-gpl --disable-stripping --disable-omx --enable-gnutls --enable-libaom --enable-libass --enable-libbs2b --enable-libcaca --enable-libcdio --enable-libcodec2 --enable-libdav1d --enable-libflite --enable-libfontconfig --enable-libfreetype --enable-libfribidi --enable-libglslang --enable-libgme --enable-libgsm --enable-libharfbuzz --enable-libmp3lame --enable-libmysofa --enable-libopenjpeg --enable-libopenmpt --enable-libopus --enable-librubberband --enable-libshine --enable-libsnappy --enable-libsoxr --enable-libspeex --enable-libtheora --enable-libtwolame --enable-libvidstab --enable-libvorbis --enable-libvpx --enable-libwebp --enable-libx265 --enable-libxml2 --enable-libxvid --enable-libzimg --enable-openal --enable-opencl --enable-opengl --disable-sndio --enable-libvpl --disable-libmfx --enable-libdc1394 --enable-libdrm --enable-libiec61883 --enable-chromaprint --enable-frei0r --enable-ladspa --enable-libbluray --enable-libjack --enable-libpulse --enable-librabbitmq --enable-librist --enable-libsrt --enable-libssh --enable-libsvtav1 --enable-libx264 --enable-libzmq --enable-libzvbi --enable-lv2 --enable-sdl2 --enable-libplacebo --enable-librav1e --enable-pocketsphinx --enable-librsvg --enable-libjxl --enable-shared
  libavutil      58. 29.100 / 58. 29.100
  libavcodec     60. 31.102 / 60. 31.102
  libavformat    60. 16.100 / 60. 16.100
  libavdevice    60.  3.100 / 60.  3.100
  libavfilter     9. 12.100 /  9. 12.100
  libswscale      7.  5.100 /  7.  5.100
  libswresample   4. 12.100 /  4. 12.100
  libpostproc    57.  3.100 / 57.  3.100
Input #0, mov,mp4,m4a,3gp,3g2,mj2, from '/home/runner/work/Isco-Video-Runner/Isco-Video-Runner/engine/output/20260819-072846/visual-review/01-pixabay-2-source.mp4':
  Metadata:
    major_brand     : isom
    minor_version   : 512
    compatible_brands: isomiso2avc1mp41
    encoder         : Lavf60.16.100
  Duration: 00:00:02.00, start: 0.000000, bitrate: 13 kb/s
  Stream #0:0[0x1](und): Video: h264 (High) (avc1 / 0x31637661), yuv420p(progressive), 640x360 [SAR 1:1 DAR 16:9], 7 kb/s, 25 fps, 25 tbr, 12800 tbn (default)
    Metadata:
      handler_name    : VideoHandler
      vendor_id       : [0][0][0][0]
      encoder         : Lavc60.31.102 libx264
Stream mapping:
  Stream #0:0 -> #0:0 (h264 (native) -> h264 (libx264))
Press [q] to stop, [?] for help
[libx264 @ 0x55aa4cd1e580] using SAR=1/1
[libx264 @ 0x55aa4cd1e580] using cpu capabilities: MMX2 SSE2Fast SSSE3 SSE4.2 AVX FMA3 BMI2 AVX2
[libx264 @ 0x55aa4cd1e580] profile High, level 2.1, 4:2:0, 8-bit
[libx264 @ 0x55aa4cd1e580] 264 - core 164 r3108 31e19f9 - H.264/MPEG-4 AVC codec - Copyleft 2003-2023 - http://www.videolan.org/x264.html - options: cabac=1 ref=1 deblock=1:0:0 analyse=0x3:0x113 me=hex subme=2 psy=1 psy_rd=1.00:0.00 mixed_ref=0 me_range=16 chroma_me=1 trellis=0 8x8dct=1 cqm=0 deadzone=21,11 fast_pskip=1 chroma_qp_offset=0 threads=6 lookahead_threads=2 sliced_threads=0 nr=0 decimate=1 interlaced=0 bluray_compat=0 constrained_intra=0 bframes=3 b_pyramid=2 b_adapt=1 b_bias=0 direct=1 weightb=1 open_gop=0 weightp=1 keyint=250 keyint_min=25 scenecut=40 intra_refresh=0 rc_lookahead=10 rc=crf mbtree=1 crf=30.0 qcomp=0.60 qpmin=0 qpmax=69 qpstep=4 ip_ratio=1.40 aq=1:1.00
Output #0, mp4, to '/home/runner/work/Isco-Video-Runner/Isco-Video-Runner/engine/output/20260819-072846/visual-review/01-pixabay-2-preview.mp4':
  Metadata:
    major_brand     : isom
    minor_version   : 512
    compatible_brands: isomiso2avc1mp41
    encoder         : Lavf60.16.100
  Stream #0:0(und): Video: h264 (avc1 / 0x31637661), yuv420p(tv, progressive), 480x270 [SAR 1:1 DAR 16:9], q=2-31, 25 fps, 12800 tbn (default)
    Metadata:
      handler_name    : VideoHandler
      vendor_id       : [0][0][0][0]
      encoder         : Lavc60.31.102 libx264
    Side data:
      cpb: bitrate max/min/avg: 0/0/0 buffer size: 0 vbv_delay: N/A
frame=    0 fps=0.0 q=0.0 size=       0kB time=N/A bitrate=N/A speed=N/A    [mp4 @ 0x55aa4cc62bc0] Starting second pass: moving the moov atom to the beginning of the file
[out#0/mp4 @ 0x55aa4cc5cac0] video:1kB audio:0kB subtitle:0kB other streams:0kB global headers:0kB muxing overhead: 96.344648%
frame=   50 fps=0.0 q=-1.0 Lsize=       3kB time=00:00:01.88 bitrate=  12.8kbits/s speed=36.2x    
[libx264 @ 0x55aa4cd1e580] frame I:1     Avg QP:17.00  size:    75
[libx264 @ 0x55aa4cd1e580] frame P:13    Avg QP:17.38  size:    18
[libx264 @ 0x55aa4cd1e580] frame B:36    Avg QP:19.67  size:    15
[libx264 @ 0x55aa4cd1e580] consecutive B-frames:  4.0%  0.0%  0.0% 96.0%
[libx264 @ 0x55aa4cd1e580] mb I  I16..4: 99.8%  0.0%  0.2%
[libx264 @ 0x55aa4cd1e580] mb P  I16..4:  0.0%  0.0%  0.0%  P16..4:  0.0%  0.0%  0.0%  0.0%  0.0%    skip:100.0%
[libx264 @ 0x55aa4cd1e580] mb B  I16..4:  0.0%  0.0%  0.0%  B16..8:  0.0%  0.0%  0.0%  direct: 0.0%  skip:100.0%
[libx264 @ 0x55aa4cd1e580] 8x8 transform intra:0.0%
[libx264 @ 0x55aa4cd1e580] coded y,uvDC,uvAC intra: 0.0% 0.0% 0.0% inter: 0.0% 0.0% 0.0%
[libx264 @ 0x55aa4cd1e580] i16 v,h,dc,p: 94%  0%  6%  0%
[libx264 @ 0x55aa4cd1e580] i4 v,h,dc,ddl,ddr,vr,hd,vl,hu:  0%  0% 100%  0%  0%  0%  0%  0%  0%
[libx264 @ 0x55aa4cd1e580] i8c dc,h,v,p: 100%  0%  0%  0%
[libx264 @ 0x55aa4cd1e580] Weighted P-Frames: Y:0.0% UV:0.0%
[libx264 @ 0x55aa4cd1e580] kb/s:3.38
ffmpeg version 6.1.1-3ubuntu5 Copyright (c) 2000-2023 the FFmpeg developers
  built with gcc 13 (Ubuntu 13.2.0-23ubuntu3)
  configuration: --prefix=/usr --extra-version=3ubuntu5 --toolchain=hardened --libdir=/usr/lib/x86_64-linux-gnu --incdir=/usr/include/x86_64-linux-gnu --arch=amd64 --enable-gpl --disable-stripping --disable-omx --enable-gnutls --enable-libaom --enable-libass --enable-libbs2b --enable-libcaca --enable-libcdio --enable-libcodec2 --enable-libdav1d --enable-libflite --enable-libfontconfig --enable-libfreetype --enable-libfribidi --enable-libglslang --enable-libgme --enable-libgsm --enable-libharfbuzz --enable-libmp3lame --enable-libmysofa --enable-libopenjpeg --enable-libopenmpt --enable-libopus --enable-librubberband --enable-libshine --enable-libsnappy --enable-libsoxr --enable-libspeex --enable-libtheora --enable-libtwolame --enable-libvidstab --enable-libvorbis --enable-libvpx --enable-libwebp --enable-libx265 --enable-libxml2 --enable-libxvid --enable-libzimg --enable-openal --enable-opencl --enable-opengl --disable-sndio --enable-libvpl --disable-libmfx --enable-libdc1394 --enable-libdrm --enable-libiec61883 --enable-chromaprint --enable-frei0r --enable-ladspa --enable-libbluray --enable-libjack --enable-libpulse --enable-librabbitmq --enable-librist --enable-libsrt --enable-libssh --enable-libsvtav1 --enable-libx264 --enable-libzmq --enable-libzvbi --enable-lv2 --enable-sdl2 --enable-libplacebo --enable-librav1e --enable-pocketsphinx --enable-librsvg --enable-libjxl --enable-shared
  libavutil      58. 29.100 / 58. 29.100
  libavcodec     60. 31.102 / 60. 31.102
  libavformat    60. 16.100 / 60. 16.100
  libavdevice    60.  3.100 / 60.  3.100
  libavfilter     9. 12.100 /  9. 12.100
  libswscale      7.  5.100 /  7.  5.100
  libswresample   4. 12.100 /  4. 12.100
  libpostproc    57.  3.100 / 57.  3.100
Input #0, mov,mp4,m4a,3gp,3g2,mj2, from '/home/runner/work/Isco-Video-Runner/Isco-Video-Runner/engine/output/20260819-072846/clips/01-raw.mp4':
  Metadata:
    major_brand     : isom
    minor_version   : 512
    compatible_brands: isomiso2avc1mp41
    encoder         : Lavf60.16.100
  Duration: 00:00:02.00, start: 0.000000, bitrate: 13 kb/s
  Stream #0:0[0x1](und): Video: h264 (High) (avc1 / 0x31637661), yuv420p(progressive), 640x360 [SAR 1:1 DAR 16:9], 7 kb/s, 25 fps, 25 tbr, 12800 tbn (default)
    Metadata:
      handler_name    : VideoHandler
      vendor_id       : [0][0][0][0]
      encoder         : Lavc60.31.102 libx264
Stream mapping:
  Stream #0:0 -> #0:0 (h264 (native) -> h264 (libx264))
Press [q] to stop, [?] for help
[libx264 @ 0x55f87fd8e600] using SAR=1/1
[libx264 @ 0x55f87fd8e600] using cpu capabilities: MMX2 SSE2Fast SSSE3 SSE4.2 AVX FMA3 BMI2 AVX2
[libx264 @ 0x55f87fd8e600] profile High, level 4.0, 4:2:0, 8-bit
[libx264 @ 0x55f87fd8e600] 264 - core 164 r3108 31e19f9 - H.264/MPEG-4 AVC codec - Copyleft 2003-2023 - http://www.videolan.org/x264.html - options: cabac=1 ref=1 deblock=1:0:0 analyse=0x3:0x113 me=hex subme=2 psy=1 psy_rd=1.00:0.00 mixed_ref=0 me_range=16 chroma_me=1 trellis=0 8x8dct=1 cqm=0 deadzone=21,11 fast_pskip=1 chroma_qp_offset=0 threads=6 lookahead_threads=2 sliced_threads=0 nr=0 decimate=1 interlaced=0 bluray_compat=0 constrained_intra=0 bframes=3 b_pyramid=2 b_adapt=1 b_bias=0 direct=1 weightb=1 open_gop=0 weightp=1 keyint=250 keyint_min=25 scenecut=40 intra_refresh=0 rc_lookahead=10 rc=crf mbtree=1 crf=20.0 qcomp=0.60 qpmin=0 qpmax=69 qpstep=4 ip_ratio=1.40 aq=1:1.00
Output #0, mp4, to '/home/runner/work/Isco-Video-Runner/Isco-Video-Runner/engine/output/20260819-072846/clips/01-prepared.mp4':
  Metadata:
    major_brand     : isom
    minor_version   : 512
    compatible_brands: isomiso2avc1mp41
    encoder         : Lavf60.16.100
  Stream #0:0(und): Video: h264 (avc1 / 0x31637661), yuv420p(tv, progressive), 1920x1080 [SAR 1:1 DAR 16:9], q=2-31, 30 fps, 15360 tbn (default)
    Metadata:
      handler_name    : VideoHandler
      vendor_id       : [0][0][0][0]
      encoder         : Lavc60.31.102 libx264
    Side data:
      cpb: bitrate max/min/avg: 0/0/0 buffer size: 0 vbv_delay: N/A
frame=    0 fps=0.0 q=0.0 size=       0kB time=N/A bitrate=N/A speed=N/A    [out#0/mp4 @ 0x55f87fcccb40] video:7kB audio:0kB subtitle:0kB other streams:0kB global headers:0kB muxing overhead: 26.804547%
frame=   90 fps=0.0 q=-1.0 Lsize=       9kB time=00:00:02.90 bitrate=  25.5kbits/s speed=6.09x    
[libx264 @ 0x55f87fd8e600] frame I:1     Avg QP: 7.00  size:   428
[libx264 @ 0x55f87fd8e600] frame P:23    Avg QP: 8.22  size:    72
[libx264 @ 0x55f87fd8e600] frame B:66    Avg QP:10.67  size:    69
[libx264 @ 0x55f87fd8e600] consecutive B-frames:  2.2%  0.0%  0.0% 97.8%
[libx264 @ 0x55f87fd8e600] mb I  I16..4: 100.0%  0.0%  0.0%
[libx264 @ 0x55f87fd8e600] mb P  I16..4:  0.0%  0.0%  0.0%  P16..4:  0.0%  0.0%  0.0%  0.0%  0.0%    skip:100.0%
[libx264 @ 0x55f87fd8e600] mb B  I16..4:  0.0%  0.0%  0.0%  B16..8:  0.0%  0.0%  0.0%  direct: 0.0%  skip:100.0%
[libx264 @ 0x55f87fd8e600] 8x8 transform intra:0.0%
[libx264 @ 0x55f87fd8e600] coded y,uvDC,uvAC intra: 0.0% 0.0% 0.0% inter: 0.0% 0.0% 0.0%
[libx264 @ 0x55f87fd8e600] i16 v,h,dc,p: 99%  0%  1%  0%
[libx264 @ 0x55f87fd8e600] i4 v,h,dc,ddl,ddr,vr,hd,vl,hu:  0%  0% 100%  0%  0%  0%  0%  0%  0%
[libx264 @ 0x55f87fd8e600] i8c dc,h,v,p: 100%  0%  0%  0%
[libx264 @ 0x55f87fd8e600] Weighted P-Frames: Y:0.0% UV:0.0%
[libx264 @ 0x55f87fd8e600] kb/s:17.63
ffmpeg version 6.1.1-3ubuntu5 Copyright (c) 2000-2023 the FFmpeg developers
  built with gcc 13 (Ubuntu 13.2.0-23ubuntu3)
  configuration: --prefix=/usr --extra-version=3ubuntu5 --toolchain=hardened --libdir=/usr/lib/x86_64-linux-gnu --incdir=/usr/include/x86_64-linux-gnu --arch=amd64 --enable-gpl --disable-stripping --disable-omx --enable-gnutls --enable-libaom --enable-libass --enable-libbs2b --enable-libcaca --enable-libcdio --enable-libcodec2 --enable-libdav1d --enable-libflite --enable-libfontconfig --enable-libfreetype --enable-libfribidi --enable-libglslang --enable-libgme --enable-libgsm --enable-libharfbuzz --enable-libmp3lame --enable-libmysofa --enable-libopenjpeg --enable-libopenmpt --enable-libopus --enable-librubberband --enable-libshine --enable-libsnappy --enable-libsoxr --enable-libspeex --enable-libtheora --enable-libtwolame --enable-libvidstab --enable-libvorbis --enable-libvpx --enable-libwebp --enable-libx265 --enable-libxml2 --enable-libxvid --enable-libzimg --enable-openal --enable-opencl --enable-opengl --disable-sndio --enable-libvpl --disable-libmfx --enable-libdc1394 --enable-libdrm --enable-libiec61883 --enable-chromaprint --enable-frei0r --enable-ladspa --enable-libbluray --enable-libjack --enable-libpulse --enable-librabbitmq --enable-librist --enable-libsrt --enable-libssh --enable-libsvtav1 --enable-libx264 --enable-libzmq --enable-libzvbi --enable-lv2 --enable-sdl2 --enable-libplacebo --enable-librav1e --enable-pocketsphinx --enable-librsvg --enable-libjxl --enable-shared
  libavutil      58. 29.100 / 58. 29.100
  libavcodec     60. 31.102 / 60. 31.102
  libavformat    60. 16.100 / 60. 16.100
  libavdevice    60.  3.100 / 60.  3.100
  libavfilter     9. 12.100 /  9. 12.100
  libswscale      7.  5.100 /  7.  5.100
  libswresample   4. 12.100 /  4. 12.100
  libpostproc    57.  3.100 / 57.  3.100
[mov,mp4,m4a,3gp,3g2,mj2 @ 0x561627043040] Auto-inserting h264_mp4toannexb bitstream filter
Input #0, concat, from '/home/runner/work/Isco-Video-Runner/Isco-Video-Runner/engine/output/20260819-072846/picture.txt':
  Duration: N/A, start: 0.000000, bitrate: 19 kb/s
  Stream #0:0(und): Video: h264 (High) (avc1 / 0x31637661), yuv420p(progressive), 1920x1080 [SAR 1:1 DAR 16:9], 19 kb/s, 30 fps, 30 tbr, 15360 tbn
    Metadata:
      handler_name    : VideoHandler
      vendor_id       : [0][0][0][0]
      encoder         : Lavc60.31.102 libx264
Output #0, mp4, to '/home/runner/work/Isco-Video-Runner/Isco-Video-Runner/engine/output/20260819-072846/picture.mp4':
  Metadata:
    encoder         : Lavf60.16.100
  Stream #0:0(und): Video: h264 (High) (avc1 / 0x31637661), yuv420p(progressive), 1920x1080 [SAR 1:1 DAR 16:9], q=2-31, 19 kb/s, 30 fps, 30 tbr, 15360 tbn
    Metadata:
      handler_name    : VideoHandler
      vendor_id       : [0][0][0][0]
      encoder         : Lavc60.31.102 libx264
Stream mapping:
  Stream #0:0 -> #0:0 (copy)
Press [q] to stop, [?] for help
size=       0kB time=-00:00:00.06 bitrate=  -0.0kbits/s speed=N/A    [out#0/mp4 @ 0x56162712d080] video:7kB audio:0kB subtitle:0kB other streams:0kB global headers:0kB muxing overhead: 26.658493%
size=       9kB time=00:00:02.90 bitrate=  25.6kbits/s speed=1.96e+03x    
Input #0, mov,mp4,m4a,3gp,3g2,mj2, from '/home/runner/work/Isco-Video-Runner/Isco-Video-Runner/engine/output/20260819-072846/picture.mp4':
  Metadata:
    major_brand     : isom
    minor_version   : 512
    compatible_brands: isomiso2avc1mp41
    encoder         : Lavf60.16.100
  Duration: 00:00:03.00, start: 0.000000, bitrate: 24 kb/s
  Stream #0:0[0x1](und): Video: h264 (High) (avc1 / 0x31637661), yuv420p(progressive), 1920x1080 [SAR 1:1 DAR 16:9], 19 kb/s, 30 fps, 30 tbr, 15360 tbn (default)
    Metadata:
      handler_name    : VideoHandler
      vendor_id       : [0][0][0][0]
      encoder         : Lavc60.31.102 libx264
[aist#1:0/pcm_s16le @ 0x55e0c27364c0] Guessed Channel Layout: mono
Input #1, wav, from '/home/runner/work/Isco-Video-Runner/Isco-Video-Runner/engine/output/20260819-072846/narration.wav':
  Metadata:
    encoder         : Lavf60.16.100
  Duration: 00:00:03.00, bitrate: 705 kb/s
  Stream #1:0: Audio: pcm_s16le ([1][0][0][0] / 0x0001), 44100 Hz, 1 channels, s16, 705 kb/s
Stream mapping:
  Stream #1:0 (pcm_s16le) -> anull:default
  aresample:default -> Stream #0:0 (pcm_s16le)
Press [q] to stop, [?] for help
Output #0, wav, to '/home/runner/work/Isco-Video-Runner/Isco-Video-Runner/engine/output/20260819-072846/final-processed-audio.wav':
  Metadata:
    major_brand     : isom
    minor_version   : 512
    compatible_brands: isomiso2avc1mp41
    ISFT            : Lavf60.16.100
  Stream #0:0: Audio: pcm_s16le ([1][0][0][0] / 0x0001), 48000 Hz, mono, s16, 768 kb/s
    Metadata:
      encoder         : Lavc60.31.102 pcm_s16le
[out#0/wav @ 0x55e0c26e8580] video:0kB audio:281kB subtitle:0kB other streams:0kB global headers:0kB muxing overhead: 0.027083%
size=     281kB time=00:00:02.99 bitrate= 768.3kbits/s speed=48.1x    
ffmpeg version 6.1.1-3ubuntu5 Copyright (c) 2000-2023 the FFmpeg developers
  built with gcc 13 (Ubuntu 13.2.0-23ubuntu3)
  configuration: --prefix=/usr --extra-version=3ubuntu5 --toolchain=hardened --libdir=/usr/lib/x86_64-linux-gnu --incdir=/usr/include/x86_64-linux-gnu --arch=amd64 --enable-gpl --disable-stripping --disable-omx --enable-gnutls --enable-libaom --enable-libass --enable-libbs2b --enable-libcaca --enable-libcdio --enable-libcodec2 --enable-libdav1d --enable-libflite --enable-libfontconfig --enable-libfreetype --enable-libfribidi --enable-libglslang --enable-libgme --enable-libgsm --enable-libharfbuzz --enable-libmp3lame --enable-libmysofa --enable-libopenjpeg --enable-libopenmpt --enable-libopus --enable-librubberband --enable-libshine --enable-libsnappy --enable-libsoxr --enable-libspeex --enable-libtheora --enable-libtwolame --enable-libvidstab --enable-libvorbis --enable-libvpx --enable-libwebp --enable-libx265 --enable-libxml2 --enable-libxvid --enable-libzimg --enable-openal --enable-opencl --enable-opengl --disable-sndio --enable-libvpl --disable-libmfx --enable-libdc1394 --enable-libdrm --enable-libiec61883 --enable-chromaprint --enable-frei0r --enable-ladspa --enable-libbluray --enable-libjack --enable-libpulse --enable-librabbitmq --enable-librist --enable-libsrt --enable-libssh --enable-libsvtav1 --enable-libx264 --enable-libzmq --enable-libzvbi --enable-lv2 --enable-sdl2 --enable-libplacebo --enable-librav1e --enable-pocketsphinx --enable-librsvg --enable-libjxl --enable-shared
  libavutil      58. 29.100 / 58. 29.100
  libavcodec     60. 31.102 / 60. 31.102
  libavformat    60. 16.100 / 60. 16.100
  libavdevice    60.  3.100 / 60.  3.100
  libavfilter     9. 12.100 /  9. 12.100
  libswscale      7.  5.100 /  7.  5.100
  libswresample   4. 12.100 /  4. 12.100
  libpostproc    57.  3.100 / 57.  3.100
Input #0, mov,mp4,m4a,3gp,3g2,mj2, from '/home/runner/work/Isco-Video-Runner/Isco-Video-Runner/engine/output/20260819-072846/picture.mp4':
  Metadata:
    major_brand     : isom
    minor_version   : 512
    compatible_brands: isomiso2avc1mp41
    encoder         : Lavf60.16.100
  Duration: 00:00:03.00, start: 0.000000, bitrate: 24 kb/s
  Stream #0:0[0x1](und): Video: h264 (High) (avc1 / 0x31637661), yuv420p(progressive), 1920x1080 [SAR 1:1 DAR 16:9], 19 kb/s, 30 fps, 30 tbr, 15360 tbn (default)
    Metadata:
      handler_name    : VideoHandler
      vendor_id       : [0][0][0][0]
      encoder         : Lavc60.31.102 libx264
[aist#1:0/pcm_s16le @ 0x55f02d0e5d00] Guessed Channel Layout: mono
Input #1, wav, from '/home/runner/work/Isco-Video-Runner/Isco-Video-Runner/engine/output/20260819-072846/final-processed-audio.wav':
  Metadata:
    encoder         : Lavf60.16.100
  Duration: 00:00:03.00, bitrate: 768 kb/s
  Stream #1:0: Audio: pcm_s16le ([1][0][0][0] / 0x0001), 48000 Hz, 1 channels, s16, 768 kb/s
Stream mapping:
  Stream #0:0 -> #0:0 (copy)
  Stream #1:0 -> #0:1 (pcm_s16le (native) -> aac (native))
Press [q] to stop, [?] for help
Output #0, mp4, to '/home/runner/work/Isco-Video-Runner/Isco-Video-Runner/engine/output/20260819-072846/final.mp4':
  Metadata:
    major_brand     : isom
    minor_version   : 512
    compatible_brands: isomiso2avc1mp41
    encoder         : Lavf60.16.100
  Stream #0:0(und): Video: h264 (High) (avc1 / 0x31637661), yuv420p(progressive), 1920x1080 [SAR 1:1 DAR 16:9], q=2-31, 19 kb/s, 30 fps, 30 tbr, 15360 tbn (default)
    Metadata:
      handler_name    : VideoHandler
      vendor_id       : [0][0][0][0]
      encoder         : Lavc60.31.102 libx264
  Stream #0:1: Audio: aac (LC) (mp4a / 0x6134706D), 48000 Hz, mono, fltp, 192 kb/s
    Metadata:
      encoder         : Lavc60.31.102 aac
size=       0kB time=-00:00:00.02 bitrate=  -0.0kbits/s speed=N/A    [out#0/mp4 @ 0x55f02d10ac00] video:7kB audio:49kB subtitle:0kB other streams:0kB global headers:0kB muxing overhead: 8.176839%
size=      61kB time=00:00:02.98 bitrate= 167.7kbits/s speed=19.8x    
[aac @ 0x55f02d0b9380] Qavg: 63030.445
ffmpeg version 6.1.1-3ubuntu5 Copyright (c) 2000-2023 the FFmpeg developers
  built with gcc 13 (Ubuntu 13.2.0-23ubuntu3)
  configuration: --prefix=/usr --extra-version=3ubuntu5 --toolchain=hardened --libdir=/usr/lib/x86_64-linux-gnu --incdir=/usr/include/x86_64-linux-gnu --arch=amd64 --enable-gpl --disable-stripping --disable-omx --enable-gnutls --enable-libaom --enable-libass --enable-libbs2b --enable-libcaca --enable-libcdio --enable-libcodec2 --enable-libdav1d --enable-libflite --enable-libfontconfig --enable-libfreetype --enable-libfribidi --enable-libglslang --enable-libgme --enable-libgsm --enable-libharfbuzz --enable-libmp3lame --enable-libmysofa --enable-libopenjpeg --enable-libopenmpt --enable-libopus --enable-librubberband --enable-libshine --enable-libsnappy --enable-libsoxr --enable-libspeex --enable-libtheora --enable-libtwolame --enable-libvidstab --enable-libvorbis --enable-libvpx --enable-libwebp --enable-libx265 --enable-libxml2 --enable-libxvid --enable-libzimg --enable-openal --enable-opencl --enable-opengl --disable-sndio --enable-libvpl --disable-libmfx --enable-libdc1394 --enable-libdrm --enable-libiec61883 --enable-chromaprint --enable-frei0r --enable-ladspa --enable-libbluray --enable-libjack --enable-libpulse --enable-librabbitmq --enable-librist --enable-libsrt --enable-libssh --enable-libsvtav1 --enable-libx264 --enable-libzmq --enable-libzvbi --enable-lv2 --enable-sdl2 --enable-libplacebo --enable-librav1e --enable-pocketsphinx --enable-librsvg --enable-libjxl --enable-shared
  libavutil      58. 29.100 / 58. 29.100
  libavcodec     60. 31.102 / 60. 31.102
  libavformat    60. 16.100 / 60. 16.100
  libavdevice    60.  3.100 / 60.  3.100
  libavfilter     9. 12.100 /  9. 12.100
  libswscale      7.  5.100 /  7.  5.100
  libswresample   4. 12.100 /  4. 12.100
  libpostproc    57.  3.100 / 57.  3.100
[aist#0:0/pcm_s16le @ 0x55b44e67e1c0] Guessed Channel Layout: mono
Input #0, concat, from '/home/runner/work/Isco-Video-Runner/Isco-Video-Runner/engine/output/20260819-072848/narration.txt':
  Duration: N/A, start: 0.000000, bitrate: 705 kb/s
  Stream #0:0: Audio: pcm_s16le ([1][0][0][0] / 0x0001), 44100 Hz, 1 channels, s16, 705 kb/s
Stream mapping:
  Stream #0:0 -> #0:0 (pcm_s16le (native) -> pcm_s16le (native))
Press [q] to stop, [?] for help
Output #0, wav, to '/home/runner/work/Isco-Video-Runner/Isco-Video-Runner/engine/output/20260819-072848/narration.wav':
  Metadata:
    ISFT            : Lavf60.16.100
  Stream #0:0: Audio: pcm_s16le ([1][0][0][0] / 0x0001), 44100 Hz, mono, s16, 705 kb/s
    Metadata:
      encoder         : Lavc60.31.102 pcm_s16le
size=       0kB time=00:00:00.00 bitrate=N/A speed=N/A    [out#0/wav @ 0x55b44e651580] video:0kB audio:258kB subtitle:0kB other streams:0kB global headers:0kB muxing overhead: 0.029478%
size=     258kB time=00:00:02.97 bitrate= 712.4kbits/s speed= 904x    
ffmpeg version 6.1.1-3ubuntu5 Copyright (c) 2000-2023 the FFmpeg developers
  built with gcc 13 (Ubuntu 13.2.0-23ubuntu3)
  configuration: --prefix=/usr --extra-version=3ubuntu5 --toolchain=hardened --libdir=/usr/lib/x86_64-linux-gnu --incdir=/usr/include/x86_64-linux-gnu --arch=amd64 --enable-gpl --disable-stripping --disable-omx --enable-gnutls --enable-libaom --enable-libass --enable-libbs2b --enable-libcaca --enable-libcdio --enable-libcodec2 --enable-libdav1d --enable-libflite --enable-libfontconfig --enable-libfreetype --enable-libfribidi --enable-libglslang --enable-libgme --enable-libgsm --enable-libharfbuzz --enable-libmp3lame --enable-libmysofa --enable-libopenjpeg --enable-libopenmpt --enable-libopus --enable-librubberband --enable-libshine --enable-libsnappy --enable-libsoxr --enable-libspeex --enable-libtheora --enable-libtwolame --enable-libvidstab --enable-libvorbis --enable-libvpx --enable-libwebp --enable-libx265 --enable-libxml2 --enable-libxvid --enable-libzimg --enable-openal --enable-opencl --enable-opengl --disable-sndio --enable-libvpl --disable-libmfx --enable-libdc1394 --enable-libdrm --enable-libiec61883 --enable-chromaprint --enable-frei0r --enable-ladspa --enable-libbluray --enable-libjack --enable-libpulse --enable-librabbitmq --enable-librist --enable-libsrt --enable-libssh --enable-libsvtav1 --enable-libx264 --enable-libzmq --enable-libzvbi --enable-lv2 --enable-sdl2 --enable-libplacebo --enable-librav1e --enable-pocketsphinx --enable-librsvg --enable-libjxl --enable-shared
  libavutil      58. 29.100 / 58. 29.100
  libavcodec     60. 31.102 / 60. 31.102
  libavformat    60. 16.100 / 60. 16.100
  libavdevice    60.  3.100 / 60.  3.100
  libavfilter     9. 12.100 /  9. 12.100
  libswscale      7.  5.100 /  7.  5.100
  libswresample   4. 12.100 /  4. 12.100
  libpostproc    57.  3.100 / 57.  3.100
Input #0, mov,mp4,m4a,3gp,3g2,mj2, from '/home/runner/work/Isco-Video-Runner/Isco-Video-Runner/engine/output/20260819-072848/visual-review/01-pexels-1-source.mp4':
  Metadata:
    major_brand     : isom
    minor_version   : 512
    compatible_brands: isomiso2avc1mp41
    encoder         : Lavf60.16.100
  Duration: 00:00:02.00, start: 0.000000, bitrate: 13 kb/s
  Stream #0:0[0x1](und): Video: h264 (High) (avc1 / 0x31637661), yuv420p(progressive), 640x360 [SAR 1:1 DAR 16:9], 7 kb/s, 25 fps, 25 tbr, 12800 tbn (default)
    Metadata:
      handler_name    : VideoHandler
      vendor_id       : [0][0][0][0]
      encoder         : Lavc60.31.102 libx264
Stream mapping:
  Stream #0:0 -> #0:0 (h264 (native) -> h264 (libx264))
Press [q] to stop, [?] for help
[libx264 @ 0x5628ca26b580] using SAR=1/1
[libx264 @ 0x5628ca26b580] using cpu capabilities: MMX2 SSE2Fast SSSE3 SSE4.2 AVX FMA3 BMI2 AVX2
[libx264 @ 0x5628ca26b580] profile High, level 2.1, 4:2:0, 8-bit
[libx264 @ 0x5628ca26b580] 264 - core 164 r3108 31e19f9 - H.264/MPEG-4 AVC codec - Copyleft 2003-2023 - http://www.videolan.org/x264.html - options: cabac=1 ref=1 deblock=1:0:0 analyse=0x3:0x113 me=hex subme=2 psy=1 psy_rd=1.00:0.00 mixed_ref=0 me_range=16 chroma_me=1 trellis=0 8x8dct=1 cqm=0 deadzone=21,11 fast_pskip=1 chroma_qp_offset=0 threads=6 lookahead_threads=2 sliced_threads=0 nr=0 decimate=1 interlaced=0 bluray_compat=0 constrained_intra=0 bframes=3 b_pyramid=2 b_adapt=1 b_bias=0 direct=1 weightb=1 open_gop=0 weightp=1 keyint=250 keyint_min=25 scenecut=40 intra_refresh=0 rc_lookahead=10 rc=crf mbtree=1 crf=30.0 qcomp=0.60 qpmin=0 qpmax=69 qpstep=4 ip_ratio=1.40 aq=1:1.00
Output #0, mp4, to '/home/runner/work/Isco-Video-Runner/Isco-Video-Runner/engine/output/20260819-072848/visual-review/01-pexels-1-preview.mp4':
  Metadata:
    major_brand     : isom
    minor_version   : 512
    compatible_brands: isomiso2avc1mp41
    encoder         : Lavf60.16.100
  Stream #0:0(und): Video: h264 (avc1 / 0x31637661), yuv420p(tv, progressive), 480x270 [SAR 1:1 DAR 16:9], q=2-31, 25 fps, 12800 tbn (default)
    Metadata:
      handler_name    : VideoHandler
      vendor_id       : [0][0][0][0]
      encoder         : Lavc60.31.102 libx264
    Side data:
      cpb: bitrate max/min/avg: 0/0/0 buffer size: 0 vbv_delay: N/A
frame=    0 fps=0.0 q=0.0 size=       0kB time=N/A bitrate=N/A speed=N/A    [mp4 @ 0x5628ca1afbc0] Starting second pass: moving the moov atom to the beginning of the file
[out#0/mp4 @ 0x5628ca1a9ac0] video:1kB audio:0kB subtitle:0kB other streams:0kB global headers:0kB muxing overhead: 96.344648%
frame=   50 fps=0.0 q=-1.0 Lsize=       3kB time=00:00:01.88 bitrate=  12.8kbits/s speed=35.9x    
[libx264 @ 0x5628ca26b580] frame I:1     Avg QP:17.00  size:    75
[libx264 @ 0x5628ca26b580] frame P:13    Avg QP:17.38  size:    18
[libx264 @ 0x5628ca26b580] frame B:36    Avg QP:19.67  size:    15
[libx264 @ 0x5628ca26b580] consecutive B-frames:  4.0%  0.0%  0.0% 96.0%
[libx264 @ 0x5628ca26b580] mb I  I16..4: 99.8%  0.0%  0.2%
[libx264 @ 0x5628ca26b580] mb P  I16..4:  0.0%  0.0%  0.0%  P16..4:  0.0%  0.0%  0.0%  0.0%  0.0%    skip:100.0%
[libx264 @ 0x5628ca26b580] mb B  I16..4:  0.0%  0.0%  0.0%  B16..8:  0.0%  0.0%  0.0%  direct: 0.0%  skip:100.0%
[libx264 @ 0x5628ca26b580] 8x8 transform intra:0.0%
[libx264 @ 0x5628ca26b580] coded y,uvDC,uvAC intra: 0.0% 0.0% 0.0% inter: 0.0% 0.0% 0.0%
[libx264 @ 0x5628ca26b580] i16 v,h,dc,p: 94%  0%  6%  0%
[libx264 @ 0x5628ca26b580] i4 v,h,dc,ddl,ddr,vr,hd,vl,hu:  0%  0% 100%  0%  0%  0%  0%  0%  0%
[libx264 @ 0x5628ca26b580] i8c dc,h,v,p: 100%  0%  0%  0%
[libx264 @ 0x5628ca26b580] Weighted P-Frames: Y:0.0% UV:0.0%
[libx264 @ 0x5628ca26b580] kb/s:3.38
ffmpeg version 6.1.1-3ubuntu5 Copyright (c) 2000-2023 the FFmpeg developers
  built with gcc 13 (Ubuntu 13.2.0-23ubuntu3)
  configuration: --prefix=/usr --extra-version=3ubuntu5 --toolchain=hardened --libdir=/usr/lib/x86_64-linux-gnu --incdir=/usr/include/x86_64-linux-gnu --arch=amd64 --enable-gpl --disable-stripping --disable-omx --enable-gnutls --enable-libaom --enable-libass --enable-libbs2b --enable-libcaca --enable-libcdio --enable-libcodec2 --enable-libdav1d --enable-libflite --enable-libfontconfig --enable-libfreetype --enable-libfribidi --enable-libglslang --enable-libgme --enable-libgsm --enable-libharfbuzz --enable-libmp3lame --enable-libmysofa --enable-libopenjpeg --enable-libopenmpt --enable-libopus --enable-librubberband --enable-libshine --enable-libsnappy --enable-libsoxr --enable-libspeex --enable-libtheora --enable-libtwolame --enable-libvidstab --enable-libvorbis --enable-libvpx --enable-libwebp --enable-libx265 --enable-libxml2 --enable-libxvid --enable-libzimg --enable-openal --enable-opencl --enable-opengl --disable-sndio --enable-libvpl --disable-libmfx --enable-libdc1394 --enable-libdrm --enable-libiec61883 --enable-chromaprint --enable-frei0r --enable-ladspa --enable-libbluray --enable-libjack --enable-libpulse --enable-librabbitmq --enable-librist --enable-libsrt --enable-libssh --enable-libsvtav1 --enable-libx264 --enable-libzmq --enable-libzvbi --enable-lv2 --enable-sdl2 --enable-libplacebo --enable-librav1e --enable-pocketsphinx --enable-librsvg --enable-libjxl --enable-shared
  libavutil      58. 29.100 / 58. 29.100
  libavcodec     60. 31.102 / 60. 31.102
  libavformat    60. 16.100 / 60. 16.100
  libavdevice    60.  3.100 / 60.  3.100
  libavfilter     9. 12.100 /  9. 12.100
  libswscale      7.  5.100 /  7.  5.100
  libswresample   4. 12.100 /  4. 12.100
  libpostproc    57.  3.100 / 57.  3.100
Input #0, mov,mp4,m4a,3gp,3g2,mj2, from '/home/runner/work/Isco-Video-Runner/Isco-Video-Runner/engine/output/20260819-072848/visual-review/01-pixabay-2-source.mp4':
  Metadata:
    major_brand     : isom
    minor_version   : 512
    compatible_brands: isomiso2avc1mp41
    encoder         : Lavf60.16.100
  Duration: 00:00:02.00, start: 0.000000, bitrate: 13 kb/s
  Stream #0:0[0x1](und): Video: h264 (High) (avc1 / 0x31637661), yuv420p(progressive), 640x360 [SAR 1:1 DAR 16:9], 7 kb/s, 25 fps, 25 tbr, 12800 tbn (default)
    Metadata:
      handler_name    : VideoHandler
      vendor_id       : [0][0][0][0]
      encoder         : Lavc60.31.102 libx264
Stream mapping:
  Stream #0:0 -> #0:0 (h264 (native) -> h264 (libx264))
Press [q] to stop, [?] for help
[libx264 @ 0x5578810ed580] using SAR=1/1
[libx264 @ 0x5578810ed580] using cpu capabilities: MMX2 SSE2Fast SSSE3 SSE4.2 AVX FMA3 BMI2 AVX2
[libx264 @ 0x5578810ed580] profile High, level 2.1, 4:2:0, 8-bit
[libx264 @ 0x5578810ed580] 264 - core 164 r3108 31e19f9 - H.264/MPEG-4 AVC codec - Copyleft 2003-2023 - http://www.videolan.org/x264.html - options: cabac=1 ref=1 deblock=1:0:0 analyse=0x3:0x113 me=hex subme=2 psy=1 psy_rd=1.00:0.00 mixed_ref=0 me_range=16 chroma_me=1 trellis=0 8x8dct=1 cqm=0 deadzone=21,11 fast_pskip=1 chroma_qp_offset=0 threads=6 lookahead_threads=2 sliced_threads=0 nr=0 decimate=1 interlaced=0 bluray_compat=0 constrained_intra=0 bframes=3 b_pyramid=2 b_adapt=1 b_bias=0 direct=1 weightb=1 open_gop=0 weightp=1 keyint=250 keyint_min=25 scenecut=40 intra_refresh=0 rc_lookahead=10 rc=crf mbtree=1 crf=30.0 qcomp=0.60 qpmin=0 qpmax=69 qpstep=4 ip_ratio=1.40 aq=1:1.00
Output #0, mp4, to '/home/runner/work/Isco-Video-Runner/Isco-Video-Runner/engine/output/20260819-072848/visual-review/01-pixabay-2-preview.mp4':
  Metadata:
    major_brand     : isom
    minor_version   : 512
    compatible_brands: isomiso2avc1mp41
    encoder         : Lavf60.16.100
  Stream #0:0(und): Video: h264 (avc1 / 0x31637661), yuv420p(tv, progressive), 480x270 [SAR 1:1 DAR 16:9], q=2-31, 25 fps, 12800 tbn (default)
    Metadata:
      handler_name    : VideoHandler
      vendor_id       : [0][0][0][0]
      encoder         : Lavc60.31.102 libx264
    Side data:
      cpb: bitrate max/min/avg: 0/0/0 buffer size: 0 vbv_delay: N/A
frame=    0 fps=0.0 q=0.0 size=       0kB time=N/A bitrate=N/A speed=N/A    [mp4 @ 0x557881031bc0] Starting second pass: moving the moov atom to the beginning of the file
[out#0/mp4 @ 0x55788102bac0] video:1kB audio:0kB subtitle:0kB other streams:0kB global headers:0kB muxing overhead: 96.344648%
frame=   50 fps=0.0 q=-1.0 Lsize=       3kB time=00:00:01.88 bitrate=  12.8kbits/s speed=  37x    
[libx264 @ 0x5578810ed580] frame I:1     Avg QP:17.00  size:    75
[libx264 @ 0x5578810ed580] frame P:13    Avg QP:17.38  size:    18
[libx264 @ 0x5578810ed580] frame B:36    Avg QP:19.67  size:    15
[libx264 @ 0x5578810ed580] consecutive B-frames:  4.0%  0.0%  0.0% 96.0%
[libx264 @ 0x5578810ed580] mb I  I16..4: 99.8%  0.0%  0.2%
[libx264 @ 0x5578810ed580] mb P  I16..4:  0.0%  0.0%  0.0%  P16..4:  0.0%  0.0%  0.0%  0.0%  0.0%    skip:100.0%
[libx264 @ 0x5578810ed580] mb B  I16..4:  0.0%  0.0%  0.0%  B16..8:  0.0%  0.0%  0.0%  direct: 0.0%  skip:100.0%
[libx264 @ 0x5578810ed580] 8x8 transform intra:0.0%
[libx264 @ 0x5578810ed580] coded y,uvDC,uvAC intra: 0.0% 0.0% 0.0% inter: 0.0% 0.0% 0.0%
[libx264 @ 0x5578810ed580] i16 v,h,dc,p: 94%  0%  6%  0%
[libx264 @ 0x5578810ed580] i4 v,h,dc,ddl,ddr,vr,hd,vl,hu:  0%  0% 100%  0%  0%  0%  0%  0%  0%
[libx264 @ 0x5578810ed580] i8c dc,h,v,p: 100%  0%  0%  0%
[libx264 @ 0x5578810ed580] Weighted P-Frames: Y:0.0% UV:0.0%
[libx264 @ 0x5578810ed580] kb/s:3.38
ffmpeg version 6.1.1-3ubuntu5 Copyright (c) 2000-2023 the FFmpeg developers
  built with gcc 13 (Ubuntu 13.2.0-23ubuntu3)
  configuration: --prefix=/usr --extra-version=3ubuntu5 --toolchain=hardened --libdir=/usr/lib/x86_64-linux-gnu --incdir=/usr/include/x86_64-linux-gnu --arch=amd64 --enable-gpl --disable-stripping --disable-omx --enable-gnutls --enable-libaom --enable-libass --enable-libbs2b --enable-libcaca --enable-libcdio --enable-libcodec2 --enable-libdav1d --enable-libflite --enable-libfontconfig --enable-libfreetype --enable-libfribidi --enable-libglslang --enable-libgme --enable-libgsm --enable-libharfbuzz --enable-libmp3lame --enable-libmysofa --enable-libopenjpeg --enable-libopenmpt --enable-libopus --enable-librubberband --enable-libshine --enable-libsnappy --enable-libsoxr --enable-libspeex --enable-libtheora --enable-libtwolame --enable-libvidstab --enable-libvorbis --enable-libvpx --enable-libwebp --enable-libx265 --enable-libxml2 --enable-libxvid --enable-libzimg --enable-openal --enable-opencl --enable-opengl --disable-sndio --enable-libvpl --disable-libmfx --enable-libdc1394 --enable-libdrm --enable-libiec61883 --enable-chromaprint --enable-frei0r --enable-ladspa --enable-libbluray --enable-libjack --enable-libpulse --enable-librabbitmq --enable-librist --enable-libsrt --enable-libssh --enable-libsvtav1 --enable-libx264 --enable-libzmq --enable-libzvbi --enable-lv2 --enable-sdl2 --enable-libplacebo --enable-librav1e --enable-pocketsphinx --enable-librsvg --enable-libjxl --enable-shared
  libavutil      58. 29.100 / 58. 29.100
  libavcodec     60. 31.102 / 60. 31.102
  libavformat    60. 16.100 / 60. 16.100
  libavdevice    60.  3.100 / 60.  3.100
  libavfilter     9. 12.100 /  9. 12.100
  libswscale      7.  5.100 /  7.  5.100
  libswresample   4. 12.100 /  4. 12.100
  libpostproc    57.  3.100 / 57.  3.100
Input #0, mov,mp4,m4a,3gp,3g2,mj2, from '/home/runner/work/Isco-Video-Runner/Isco-Video-Runner/engine/output/20260819-072848/visual-review/01-pexels-3-source.mp4':
  Metadata:
    major_brand     : isom
    minor_version   : 512
    compatible_brands: isomiso2avc1mp41
    encoder         : Lavf60.16.100
  Duration: 00:00:02.00, start: 0.000000, bitrate: 13 kb/s
  Stream #0:0[0x1](und): Video: h264 (High) (avc1 / 0x31637661), yuv420p(progressive), 640x360 [SAR 1:1 DAR 16:9], 7 kb/s, 25 fps, 25 tbr, 12800 tbn (default)
    Metadata:
      handler_name    : VideoHandler
      vendor_id       : [0][0][0][0]
      encoder         : Lavc60.31.102 libx264
Stream mapping:
  Stream #0:0 -> #0:0 (h264 (native) -> h264 (libx264))
Press [q] to stop, [?] for help
[libx264 @ 0x55c525e5f580] using SAR=1/1
[libx264 @ 0x55c525e5f580] using cpu capabilities: MMX2 SSE2Fast SSSE3 SSE4.2 AVX FMA3 BMI2 AVX2
[libx264 @ 0x55c525e5f580] profile High, level 2.1, 4:2:0, 8-bit
[libx264 @ 0x55c525e5f580] 264 - core 164 r3108 31e19f9 - H.264/MPEG-4 AVC codec - Copyleft 2003-2023 - http://www.videolan.org/x264.html - options: cabac=1 ref=1 deblock=1:0:0 analyse=0x3:0x113 me=hex subme=2 psy=1 psy_rd=1.00:0.00 mixed_ref=0 me_range=16 chroma_me=1 trellis=0 8x8dct=1 cqm=0 deadzone=21,11 fast_pskip=1 chroma_qp_offset=0 threads=6 lookahead_threads=2 sliced_threads=0 nr=0 decimate=1 interlaced=0 bluray_compat=0 constrained_intra=0 bframes=3 b_pyramid=2 b_adapt=1 b_bias=0 direct=1 weightb=1 open_gop=0 weightp=1 keyint=250 keyint_min=25 scenecut=40 intra_refresh=0 rc_lookahead=10 rc=crf mbtree=1 crf=30.0 qcomp=0.60 qpmin=0 qpmax=69 qpstep=4 ip_ratio=1.40 aq=1:1.00
Output #0, mp4, to '/home/runner/work/Isco-Video-Runner/Isco-Video-Runner/engine/output/20260819-072848/visual-review/01-pexels-3-preview.mp4':
  Metadata:
    major_brand     : isom
    minor_version   : 512
    compatible_brands: isomiso2avc1mp41
    encoder         : Lavf60.16.100
  Stream #0:0(und): Video: h264 (avc1 / 0x31637661), yuv420p(tv, progressive), 480x270 [SAR 1:1 DAR 16:9], q=2-31, 25 fps, 12800 tbn (default)
    Metadata:
      handler_name    : VideoHandler
      vendor_id       : [0][0][0][0]
      encoder         : Lavc60.31.102 libx264
    Side data:
      cpb: bitrate max/min/avg: 0/0/0 buffer size: 0 vbv_delay: N/A
frame=    0 fps=0.0 q=0.0 size=       0kB time=N/A bitrate=N/A speed=N/A    [mp4 @ 0x55c525da3bc0] Starting second pass: moving the moov atom to the beginning of the file
[out#0/mp4 @ 0x55c525d9dac0] video:1kB audio:0kB subtitle:0kB other streams:0kB global headers:0kB muxing overhead: 96.344648%
frame=   50 fps=0.0 q=-1.0 Lsize=       3kB time=00:00:01.88 bitrate=  12.8kbits/s speed=35.1x    
[libx264 @ 0x55c525e5f580] frame I:1     Avg QP:17.00  size:    75
[libx264 @ 0x55c525e5f580] frame P:13    Avg QP:17.38  size:    18
[libx264 @ 0x55c525e5f580] frame B:36    Avg QP:19.67  size:    15
[libx264 @ 0x55c525e5f580] consecutive B-frames:  4.0%  0.0%  0.0% 96.0%
[libx264 @ 0x55c525e5f580] mb I  I16..4: 99.8%  0.0%  0.2%
[libx264 @ 0x55c525e5f580] mb P  I16..4:  0.0%  0.0%  0.0%  P16..4:  0.0%  0.0%  0.0%  0.0%  0.0%    skip:100.0%
[libx264 @ 0x55c525e5f580] mb B  I16..4:  0.0%  0.0%  0.0%  B16..8:  0.0%  0.0%  0.0%  direct: 0.0%  skip:100.0%
[libx264 @ 0x55c525e5f580] 8x8 transform intra:0.0%
[libx264 @ 0x55c525e5f580] coded y,uvDC,uvAC intra: 0.0% 0.0% 0.0% inter: 0.0% 0.0% 0.0%
[libx264 @ 0x55c525e5f580] i16 v,h,dc,p: 94%  0%  6%  0%
[libx264 @ 0x55c525e5f580] i4 v,h,dc,ddl,ddr,vr,hd,vl,hu:  0%  0% 100%  0%  0%  0%  0%  0%  0%
[libx264 @ 0x55c525e5f580] i8c dc,h,v,p: 100%  0%  0%  0%
[libx264 @ 0x55c525e5f580] Weighted P-Frames: Y:0.0% UV:0.0%
[libx264 @ 0x55c525e5f580] kb/s:3.38
ffmpeg version 6.1.1-3ubuntu5 Copyright (c) 2000-2023 the FFmpeg developers
  built with gcc 13 (Ubuntu 13.2.0-23ubuntu3)
  configuration: --prefix=/usr --extra-version=3ubuntu5 --toolchain=hardened --libdir=/usr/lib/x86_64-linux-gnu --incdir=/usr/include/x86_64-linux-gnu --arch=amd64 --enable-gpl --disable-stripping --disable-omx --enable-gnutls --enable-libaom --enable-libass --enable-libbs2b --enable-libcaca --enable-libcdio --enable-libcodec2 --enable-libdav1d --enable-libflite --enable-libfontconfig --enable-libfreetype --enable-libfribidi --enable-libglslang --enable-libgme --enable-libgsm --enable-libharfbuzz --enable-libmp3lame --enable-libmysofa --enable-libopenjpeg --enable-libopenmpt --enable-libopus --enable-librubberband --enable-libshine --enable-libsnappy --enable-libsoxr --enable-libspeex --enable-libtheora --enable-libtwolame --enable-libvidstab --enable-libvorbis --enable-libvpx --enable-libwebp --enable-libx265 --enable-libxml2 --enable-libxvid --enable-libzimg --enable-openal --enable-opencl --enable-opengl --disable-sndio --enable-libvpl --disable-libmfx --enable-libdc1394 --enable-libdrm --enable-libiec61883 --enable-chromaprint --enable-frei0r --enable-ladspa --enable-libbluray --enable-libjack --enable-libpulse --enable-librabbitmq --enable-librist --enable-libsrt --enable-libssh --enable-libsvtav1 --enable-libx264 --enable-libzmq --enable-libzvbi --enable-lv2 --enable-sdl2 --enable-libplacebo --enable-librav1e --enable-pocketsphinx --enable-librsvg --enable-libjxl --enable-shared
  libavutil      58. 29.100 / 58. 29.100
  libavcodec     60. 31.102 / 60. 31.102
  libavformat    60. 16.100 / 60. 16.100
  libavdevice    60.  3.100 / 60.  3.100
  libavfilter     9. 12.100 /  9. 12.100
  libswscale      7.  5.100 /  7.  5.100
  libswresample   4. 12.100 /  4. 12.100
  libpostproc    57.  3.100 / 57.  3.100
Input #0, mov,mp4,m4a,3gp,3g2,mj2, from '/home/runner/work/Isco-Video-Runner/Isco-Video-Runner/engine/output/20260819-072848/clips/01-raw.mp4':
  Metadata:
    major_brand     : isom
    minor_version   : 512
    compatible_brands: isomiso2avc1mp41
    encoder         : Lavf60.16.100
  Duration: 00:00:02.00, start: 0.000000, bitrate: 13 kb/s
  Stream #0:0[0x1](und): Video: h264 (High) (avc1 / 0x31637661), yuv420p(progressive), 640x360 [SAR 1:1 DAR 16:9], 7 kb/s, 25 fps, 25 tbr, 12800 tbn (default)
    Metadata:
      handler_name    : VideoHandler
      vendor_id       : [0][0][0][0]
      encoder         : Lavc60.31.102 libx264
Stream mapping:
  Stream #0:0 -> #0:0 (h264 (native) -> h264 (libx264))
Press [q] to stop, [?] for help
[libx264 @ 0x55bf03084600] using SAR=1/1
[libx264 @ 0x55bf03084600] using cpu capabilities: MMX2 SSE2Fast SSSE3 SSE4.2 AVX FMA3 BMI2 AVX2
[libx264 @ 0x55bf03084600] profile High, level 4.0, 4:2:0, 8-bit
[libx264 @ 0x55bf03084600] 264 - core 164 r3108 31e19f9 - H.264/MPEG-4 AVC codec - Copyleft 2003-2023 - http://www.videolan.org/x264.html - options: cabac=1 ref=1 deblock=1:0:0 analyse=0x3:0x113 me=hex subme=2 psy=1 psy_rd=1.00:0.00 mixed_ref=0 me_range=16 chroma_me=1 trellis=0 8x8dct=1 cqm=0 deadzone=21,11 fast_pskip=1 chroma_qp_offset=0 threads=6 lookahead_threads=2 sliced_threads=0 nr=0 decimate=1 interlaced=0 bluray_compat=0 constrained_intra=0 bframes=3 b_pyramid=2 b_adapt=1 b_bias=0 direct=1 weightb=1 open_gop=0 weightp=1 keyint=250 keyint_min=25 scenecut=40 intra_refresh=0 rc_lookahead=10 rc=crf mbtree=1 crf=20.0 qcomp=0.60 qpmin=0 qpmax=69 qpstep=4 ip_ratio=1.40 aq=1:1.00
Output #0, mp4, to '/home/runner/work/Isco-Video-Runner/Isco-Video-Runner/engine/output/20260819-072848/clips/01-prepared.mp4':
  Metadata:
    major_brand     : isom
    minor_version   : 512
    compatible_brands: isomiso2avc1mp41
    encoder         : Lavf60.16.100
  Stream #0:0(und): Video: h264 (avc1 / 0x31637661), yuv420p(tv, progressive), 1920x1080 [SAR 1:1 DAR 16:9], q=2-31, 30 fps, 15360 tbn (default)
    Metadata:
      handler_name    : VideoHandler
      vendor_id       : [0][0][0][0]
      encoder         : Lavc60.31.102 libx264
    Side data:
      cpb: bitrate max/min/avg: 0/0/0 buffer size: 0 vbv_delay: N/A
frame=    0 fps=0.0 q=0.0 size=       0kB time=N/A bitrate=N/A speed=N/A    [out#0/mp4 @ 0x55bf02fc2b40] video:7kB audio:0kB subtitle:0kB other streams:0kB global headers:0kB muxing overhead: 26.804547%
frame=   90 fps=0.0 q=-1.0 Lsize=       9kB time=00:00:02.90 bitrate=  25.5kbits/s speed=6.01x    
[libx264 @ 0x55bf03084600] frame I:1     Avg QP: 7.00  size:   428
[libx264 @ 0x55bf03084600] frame P:23    Avg QP: 8.22  size:    72
[libx264 @ 0x55bf03084600] frame B:66    Avg QP:10.67  size:    69
[libx264 @ 0x55bf03084600] consecutive B-frames:  2.2%  0.0%  0.0% 97.8%
[libx264 @ 0x55bf03084600] mb I  I16..4: 100.0%  0.0%  0.0%
[libx264 @ 0x55bf03084600] mb P  I16..4:  0.0%  0.0%  0.0%  P16..4:  0.0%  0.0%  0.0%  0.0%  0.0%    skip:100.0%
[libx264 @ 0x55bf03084600] mb B  I16..4:  0.0%  0.0%  0.0%  B16..8:  0.0%  0.0%  0.0%  direct: 0.0%  skip:100.0%
[libx264 @ 0x55bf03084600] 8x8 transform intra:0.0%
[libx264 @ 0x55bf03084600] coded y,uvDC,uvAC intra: 0.0% 0.0% 0.0% inter: 0.0% 0.0% 0.0%
[libx264 @ 0x55bf03084600] i16 v,h,dc,p: 99%  0%  1%  0%
[libx264 @ 0x55bf03084600] i4 v,h,dc,ddl,ddr,vr,hd,vl,hu:  0%  0% 100%  0%  0%  0%  0%  0%  0%
[libx264 @ 0x55bf03084600] i8c dc,h,v,p: 100%  0%  0%  0%
[libx264 @ 0x55bf03084600] Weighted P-Frames: Y:0.0% UV:0.0%
[libx264 @ 0x55bf03084600] kb/s:17.63
ffmpeg version 6.1.1-3ubuntu5 Copyright (c) 2000-2023 the FFmpeg developers
  built with gcc 13 (Ubuntu 13.2.0-23ubuntu3)
  configuration: --prefix=/usr --extra-version=3ubuntu5 --toolchain=hardened --libdir=/usr/lib/x86_64-linux-gnu --incdir=/usr/include/x86_64-linux-gnu --arch=amd64 --enable-gpl --disable-stripping --disable-omx --enable-gnutls --enable-libaom --enable-libass --enable-libbs2b --enable-libcaca --enable-libcdio --enable-libcodec2 --enable-libdav1d --enable-libflite --enable-libfontconfig --enable-libfreetype --enable-libfribidi --enable-libglslang --enable-libgme --enable-libgsm --enable-libharfbuzz --enable-libmp3lame --enable-libmysofa --enable-libopenjpeg --enable-libopenmpt --enable-libopus --enable-librubberband --enable-libshine --enable-libsnappy --enable-libsoxr --enable-libspeex --enable-libtheora --enable-libtwolame --enable-libvidstab --enable-libvorbis --enable-libvpx --enable-libwebp --enable-libx265 --enable-libxml2 --enable-libxvid --enable-libzimg --enable-openal --enable-opencl --enable-opengl --disable-sndio --enable-libvpl --disable-libmfx --enable-libdc1394 --enable-libdrm --enable-libiec61883 --enable-chromaprint --enable-frei0r --enable-ladspa --enable-libbluray --enable-libjack --enable-libpulse --enable-librabbitmq --enable-librist --enable-libsrt --enable-libssh --enable-libsvtav1 --enable-libx264 --enable-libzmq --enable-libzvbi --enable-lv2 --enable-sdl2 --enable-libplacebo --enable-librav1e --enable-pocketsphinx --enable-librsvg --enable-libjxl --enable-shared
  libavutil      58. 29.100 / 58. 29.100
  libavcodec     60. 31.102 / 60. 31.102
  libavformat    60. 16.100 / 60. 16.100
  libavdevice    60.  3.100 / 60.  3.100
  libavfilter     9. 12.100 /  9. 12.100
  libswscale      7.  5.100 /  7.  5.100
  libswresample   4. 12.100 /  4. 12.100
  libpostproc    57.  3.100 / 57.  3.100
[mov,mp4,m4a,3gp,3g2,mj2 @ 0x5603f9fbf040] Auto-inserting h264_mp4toannexb bitstream filter
Input #0, concat, from '/home/runner/work/Isco-Video-Runner/Isco-Video-Runner/engine/output/20260819-072848/picture.txt':
  Duration: N/A, start: 0.000000, bitrate: 19 kb/s
  Stream #0:0(und): Video: h264 (High) (avc1 / 0x31637661), yuv420p(progressive), 1920x1080 [SAR 1:1 DAR 16:9], 19 kb/s, 30 fps, 30 tbr, 15360 tbn
    Metadata:
      handler_name    : VideoHandler
      vendor_id       : [0][0][0][0]
      encoder         : Lavc60.31.102 libx264
Output #0, mp4, to '/home/runner/work/Isco-Video-Runner/Isco-Video-Runner/engine/output/20260819-072848/picture.mp4':
  Metadata:
    encoder         : Lavf60.16.100
  Stream #0:0(und): Video: h264 (High) (avc1 / 0x31637661), yuv420p(progressive), 1920x1080 [SAR 1:1 DAR 16:9], q=2-31, 19 kb/s, 30 fps, 30 tbr, 15360 tbn
    Metadata:
      handler_name    : VideoHandler
      vendor_id       : [0][0][0][0]
      encoder         : Lavc60.31.102 libx264
Stream mapping:
  Stream #0:0 -> #0:0 (copy)
Press [q] to stop, [?] for help
size=       0kB time=-00:00:00.06 bitrate=  -0.0kbits/s speed=N/A    [out#0/mp4 @ 0x5603fa0a9080] video:7kB audio:0kB subtitle:0kB other streams:0kB global headers:0kB muxing overhead: 26.658493%
size=       9kB time=00:00:02.90 bitrate=  25.6kbits/s speed=2.01e+03x    
Input #0, mov,mp4,m4a,3gp,3g2,mj2, from '/home/runner/work/Isco-Video-Runner/Isco-Video-Runner/engine/output/20260819-072848/picture.mp4':
  Metadata:
    major_brand     : isom
    minor_version   : 512
    compatible_brands: isomiso2avc1mp41
    encoder         : Lavf60.16.100
  Duration: 00:00:03.00, start: 0.000000, bitrate: 24 kb/s
  Stream #0:0[0x1](und): Video: h264 (High) (avc1 / 0x31637661), yuv420p(progressive), 1920x1080 [SAR 1:1 DAR 16:9], 19 kb/s, 30 fps, 30 tbr, 15360 tbn (default)
    Metadata:
      handler_name    : VideoHandler
      vendor_id       : [0][0][0][0]
      encoder         : Lavc60.31.102 libx264
[aist#1:0/pcm_s16le @ 0x55b5f12404c0] Guessed Channel Layout: mono
Input #1, wav, from '/home/runner/work/Isco-Video-Runner/Isco-Video-Runner/engine/output/20260819-072848/narration.wav':
  Metadata:
    encoder         : Lavf60.16.100
  Duration: 00:00:03.00, bitrate: 705 kb/s
  Stream #1:0: Audio: pcm_s16le ([1][0][0][0] / 0x0001), 44100 Hz, 1 channels, s16, 705 kb/s
Stream mapping:
  Stream #1:0 (pcm_s16le) -> anull:default
  aresample:default -> Stream #0:0 (pcm_s16le)
Press [q] to stop, [?] for help
Output #0, wav, to '/home/runner/work/Isco-Video-Runner/Isco-Video-Runner/engine/output/20260819-072848/final-processed-audio.wav':
  Metadata:
    major_brand     : isom
    minor_version   : 512
    compatible_brands: isomiso2avc1mp41
    ISFT            : Lavf60.16.100
  Stream #0:0: Audio: pcm_s16le ([1][0][0][0] / 0x0001), 48000 Hz, mono, s16, 768 kb/s
    Metadata:
      encoder         : Lavc60.31.102 pcm_s16le
[out#0/wav @ 0x55b5f11f2580] video:0kB audio:281kB subtitle:0kB other streams:0kB global headers:0kB muxing overhead: 0.027083%
size=     281kB time=00:00:02.99 bitrate= 768.3kbits/s speed=48.4x    
ffmpeg version 6.1.1-3ubuntu5 Copyright (c) 2000-2023 the FFmpeg developers
  built with gcc 13 (Ubuntu 13.2.0-23ubuntu3)
  configuration: --prefix=/usr --extra-version=3ubuntu5 --toolchain=hardened --libdir=/usr/lib/x86_64-linux-gnu --incdir=/usr/include/x86_64-linux-gnu --arch=amd64 --enable-gpl --disable-stripping --disable-omx --enable-gnutls --enable-libaom --enable-libass --enable-libbs2b --enable-libcaca --enable-libcdio --enable-libcodec2 --enable-libdav1d --enable-libflite --enable-libfontconfig --enable-libfreetype --enable-libfribidi --enable-libglslang --enable-libgme --enable-libgsm --enable-libharfbuzz --enable-libmp3lame --enable-libmysofa --enable-libopenjpeg --enable-libopenmpt --enable-libopus --enable-librubberband --enable-libshine --enable-libsnappy --enable-libsoxr --enable-libspeex --enable-libtheora --enable-libtwolame --enable-libvidstab --enable-libvorbis --enable-libvpx --enable-libwebp --enable-libx265 --enable-libxml2 --enable-libxvid --enable-libzimg --enable-openal --enable-opencl --enable-opengl --disable-sndio --enable-libvpl --disable-libmfx --enable-libdc1394 --enable-libdrm --enable-libiec61883 --enable-chromaprint --enable-frei0r --enable-ladspa --enable-libbluray --enable-libjack --enable-libpulse --enable-librabbitmq --enable-librist --enable-libsrt --enable-libssh --enable-libsvtav1 --enable-libx264 --enable-libzmq --enable-libzvbi --enable-lv2 --enable-sdl2 --enable-libplacebo --enable-librav1e --enable-pocketsphinx --enable-librsvg --enable-libjxl --enable-shared
  libavutil      58. 29.100 / 58. 29.100
  libavcodec     60. 31.102 / 60. 31.102
  libavformat    60. 16.100 / 60. 16.100
  libavdevice    60.  3.100 / 60.  3.100
  libavfilter     9. 12.100 /  9. 12.100
  libswscale      7.  5.100 /  7.  5.100
  libswresample   4. 12.100 /  4. 12.100
  libpostproc    57.  3.100 / 57.  3.100
Input #0, mov,mp4,m4a,3gp,3g2,mj2, from '/home/runner/work/Isco-Video-Runner/Isco-Video-Runner/engine/output/20260819-072848/picture.mp4':
  Metadata:
    major_brand     : isom
    minor_version   : 512
    compatible_brands: isomiso2avc1mp41
    encoder         : Lavf60.16.100
  Duration: 00:00:03.00, start: 0.000000, bitrate: 24 kb/s
  Stream #0:0[0x1](und): Video: h264 (High) (avc1 / 0x31637661), yuv420p(progressive), 1920x1080 [SAR 1:1 DAR 16:9], 19 kb/s, 30 fps, 30 tbr, 15360 tbn (default)
    Metadata:
      handler_name    : VideoHandler
      vendor_id       : [0][0][0][0]
      encoder         : Lavc60.31.102 libx264
[aist#1:0/pcm_s16le @ 0x55b87d30bd00] Guessed Channel Layout: mono
Input #1, wav, from '/home/runner/work/Isco-Video-Runner/Isco-Video-Runner/engine/output/20260819-072848/final-processed-audio.wav':
  Metadata:
    encoder         : Lavf60.16.100
  Duration: 00:00:03.00, bitrate: 768 kb/s
  Stream #1:0: Audio: pcm_s16le ([1][0][0][0] / 0x0001), 48000 Hz, 1 channels, s16, 768 kb/s
Stream mapping:
  Stream #0:0 -> #0:0 (copy)
  Stream #1:0 -> #0:1 (pcm_s16le (native) -> aac (native))
Press [q] to stop, [?] for help
Output #0, mp4, to '/home/runner/work/Isco-Video-Runner/Isco-Video-Runner/engine/output/20260819-072848/final.mp4':
  Metadata:
    major_brand     : isom
    minor_version   : 512
    compatible_brands: isomiso2avc1mp41
    encoder         : Lavf60.16.100
  Stream #0:0(und): Video: h264 (High) (avc1 / 0x31637661), yuv420p(progressive), 1920x1080 [SAR 1:1 DAR 16:9], q=2-31, 19 kb/s, 30 fps, 30 tbr, 15360 tbn (default)
    Metadata:
      handler_name    : VideoHandler
      vendor_id       : [0][0][0][0]
      encoder         : Lavc60.31.102 libx264
  Stream #0:1: Audio: aac (LC) (mp4a / 0x6134706D), 48000 Hz, mono, fltp, 192 kb/s
    Metadata:
      encoder         : Lavc60.31.102 aac
size=       0kB time=-00:00:00.02 bitrate=  -0.0kbits/s speed=N/A    [out#0/mp4 @ 0x55b87d330c00] video:7kB audio:49kB subtitle:0kB other streams:0kB global headers:0kB muxing overhead: 8.176839%
size=      61kB time=00:00:02.98 bitrate= 167.7kbits/s speed=19.7x    
[aac @ 0x55b87d2df380] Qavg: 63030.445
ffmpeg version 6.1.1-3ubuntu5 Copyright (c) 2000-2023 the FFmpeg developers
  built with gcc 13 (Ubuntu 13.2.0-23ubuntu3)
  configuration: --prefix=/usr --extra-version=3ubuntu5 --toolchain=hardened --libdir=/usr/lib/x86_64-linux-gnu --incdir=/usr/include/x86_64-linux-gnu --arch=amd64 --enable-gpl --disable-stripping --disable-omx --enable-gnutls --enable-libaom --enable-libass --enable-libbs2b --enable-libcaca --enable-libcdio --enable-libcodec2 --enable-libdav1d --enable-libflite --enable-libfontconfig --enable-libfreetype --enable-libfribidi --enable-libglslang --enable-libgme --enable-libgsm --enable-libharfbuzz --enable-libmp3lame --enable-libmysofa --enable-libopenjpeg --enable-libopenmpt --enable-libopus --enable-librubberband --enable-libshine --enable-libsnappy --enable-libsoxr --enable-libspeex --enable-libtheora --enable-libtwolame --enable-libvidstab --enable-libvorbis --enable-libvpx --enable-libwebp --enable-libx265 --enable-libxml2 --enable-libxvid --enable-libzimg --enable-openal --enable-opencl --enable-opengl --disable-sndio --enable-libvpl --disable-libmfx --enable-libdc1394 --enable-libdrm --enable-libiec61883 --enable-chromaprint --enable-frei0r --enable-ladspa --enable-libbluray --enable-libjack --enable-libpulse --enable-librabbitmq --enable-librist --enable-libsrt --enable-libssh --enable-libsvtav1 --enable-libx264 --enable-libzmq --enable-libzvbi --enable-lv2 --enable-sdl2 --enable-libplacebo --enable-librav1e --enable-pocketsphinx --enable-librsvg --enable-libjxl --enable-shared
  libavutil      58. 29.100 / 58. 29.100
  libavcodec     60. 31.102 / 60. 31.102
  libavformat    60. 16.100 / 60. 16.100
  libavdevice    60.  3.100 / 60.  3.100
  libavfilter     9. 12.100 /  9. 12.100
  libswscale      7.  5.100 /  7.  5.100
  libswresample   4. 12.100 /  4. 12.100
  libpostproc    57.  3.100 / 57.  3.100
[aist#0:0/pcm_s16le @ 0x562d435ea2c0] Guessed Channel Layout: mono
Input #0, concat, from '/home/runner/work/Isco-Video-Runner/Isco-Video-Runner/engine/output/20260819-072850/narration.txt':
  Duration: N/A, start: 0.000000, bitrate: 705 kb/s
  Stream #0:0: Audio: pcm_s16le ([1][0][0][0] / 0x0001), 44100 Hz, 1 channels, s16, 705 kb/s
Stream mapping:
  Stream #0:0 -> #0:0 (pcm_s16le (native) -> pcm_s16le (native))
Press [q] to stop, [?] for help
Output #0, wav, to '/home/runner/work/Isco-Video-Runner/Isco-Video-Runner/engine/output/20260819-072850/narration.wav':
  Metadata:
    ISFT            : Lavf60.16.100
  Stream #0:0: Audio: pcm_s16le ([1][0][0][0] / 0x0001), 44100 Hz, mono, s16, 705 kb/s
    Metadata:
      encoder         : Lavc60.31.102 pcm_s16le
size=       0kB time=00:00:00.00 bitrate=N/A speed=N/A    [out#0/wav @ 0x562d435bd680] video:0kB audio:517kB subtitle:0kB other streams:0kB global headers:0kB muxing overhead: 0.014739%
size=     517kB time=00:00:05.97 bitrate= 709.0kbits/s speed= 465x    
ffmpeg version 6.1.1-3ubuntu5 Copyright (c) 2000-2023 the FFmpeg developers
  built with gcc 13 (Ubuntu 13.2.0-23ubuntu3)
  configuration: --prefix=/usr --extra-version=3ubuntu5 --toolchain=hardened --libdir=/usr/lib/x86_64-linux-gnu --incdir=/usr/include/x86_64-linux-gnu --arch=amd64 --enable-gpl --disable-stripping --disable-omx --enable-gnutls --enable-libaom --enable-libass --enable-libbs2b --enable-libcaca --enable-libcdio --enable-libcodec2 --enable-libdav1d --enable-libflite --enable-libfontconfig --enable-libfreetype --enable-libfribidi --enable-libglslang --enable-libgme --enable-libgsm --enable-libharfbuzz --enable-libmp3lame --enable-libmysofa --enable-libopenjpeg --enable-libopenmpt --enable-libopus --enable-librubberband --enable-libshine --enable-libsnappy --enable-libsoxr --enable-libspeex --enable-libtheora --enable-libtwolame --enable-libvidstab --enable-libvorbis --enable-libvpx --enable-libwebp --enable-libx265 --enable-libxml2 --enable-libxvid --enable-libzimg --enable-openal --enable-opencl --enable-opengl --disable-sndio --enable-libvpl --disable-libmfx --enable-libdc1394 --enable-libdrm --enable-libiec61883 --enable-chromaprint --enable-frei0r --enable-ladspa --enable-libbluray --enable-libjack --enable-libpulse --enable-librabbitmq --enable-librist --enable-libsrt --enable-libssh --enable-libsvtav1 --enable-libx264 --enable-libzmq --enable-libzvbi --enable-lv2 --enable-sdl2 --enable-libplacebo --enable-librav1e --enable-pocketsphinx --enable-librsvg --enable-libjxl --enable-shared
  libavutil      58. 29.100 / 58. 29.100
  libavcodec     60. 31.102 / 60. 31.102
  libavformat    60. 16.100 / 60. 16.100
  libavdevice    60.  3.100 / 60.  3.100
  libavfilter     9. 12.100 /  9. 12.100
  libswscale      7.  5.100 /  7.  5.100
  libswresample   4. 12.100 /  4. 12.100
  libpostproc    57.  3.100 / 57.  3.100
Input #0, mov,mp4,m4a,3gp,3g2,mj2, from '/home/runner/work/Isco-Video-Runner/Isco-Video-Runner/engine/output/20260819-072850/visual-review/01-pexels-1-source.mp4':
  Metadata:
    major_brand     : isom
    minor_version   : 512
    compatible_brands: isomiso2avc1mp41
    encoder         : Lavf60.16.100
  Duration: 00:00:02.00, start: 0.000000, bitrate: 13 kb/s
  Stream #0:0[0x1](und): Video: h264 (High) (avc1 / 0x31637661), yuv420p(progressive), 640x360 [SAR 1:1 DAR 16:9], 7 kb/s, 25 fps, 25 tbr, 12800 tbn (default)
    Metadata:
      handler_name    : VideoHandler
      vendor_id       : [0][0][0][0]
      encoder         : Lavc60.31.102 libx264
Stream mapping:
  Stream #0:0 -> #0:0 (h264 (native) -> h264 (libx264))
Press [q] to stop, [?] for help
[libx264 @ 0x561328061580] using SAR=1/1
[libx264 @ 0x561328061580] using cpu capabilities: MMX2 SSE2Fast SSSE3 SSE4.2 AVX FMA3 BMI2 AVX2
[libx264 @ 0x561328061580] profile High, level 2.1, 4:2:0, 8-bit
[libx264 @ 0x561328061580] 264 - core 164 r3108 31e19f9 - H.264/MPEG-4 AVC codec - Copyleft 2003-2023 - http://www.videolan.org/x264.html - options: cabac=1 ref=1 deblock=1:0:0 analyse=0x3:0x113 me=hex subme=2 psy=1 psy_rd=1.00:0.00 mixed_ref=0 me_range=16 chroma_me=1 trellis=0 8x8dct=1 cqm=0 deadzone=21,11 fast_pskip=1 chroma_qp_offset=0 threads=6 lookahead_threads=2 sliced_threads=0 nr=0 decimate=1 interlaced=0 bluray_compat=0 constrained_intra=0 bframes=3 b_pyramid=2 b_adapt=1 b_bias=0 direct=1 weightb=1 open_gop=0 weightp=1 keyint=250 keyint_min=25 scenecut=40 intra_refresh=0 rc_lookahead=10 rc=crf mbtree=1 crf=30.0 qcomp=0.60 qpmin=0 qpmax=69 qpstep=4 ip_ratio=1.40 aq=1:1.00
Output #0, mp4, to '/home/runner/work/Isco-Video-Runner/Isco-Video-Runner/engine/output/20260819-072850/visual-review/01-pexels-1-preview.mp4':
  Metadata:
    major_brand     : isom
    minor_version   : 512
    compatible_brands: isomiso2avc1mp41
    encoder         : Lavf60.16.100
  Stream #0:0(und): Video: h264 (avc1 / 0x31637661), yuv420p(tv, progressive), 480x270 [SAR 1:1 DAR 16:9], q=2-31, 25 fps, 12800 tbn (default)
    Metadata:
      handler_name    : VideoHandler
      vendor_id       : [0][0][0][0]
      encoder         : Lavc60.31.102 libx264
    Side data:
      cpb: bitrate max/min/avg: 0/0/0 buffer size: 0 vbv_delay: N/A
frame=    0 fps=0.0 q=0.0 size=       0kB time=N/A bitrate=N/A speed=N/A    [mp4 @ 0x561327fa5bc0] Starting second pass: moving the moov atom to the beginning of the file
[out#0/mp4 @ 0x561327f9fac0] video:1kB audio:0kB subtitle:0kB other streams:0kB global headers:0kB muxing overhead: 96.344648%
frame=   50 fps=0.0 q=-1.0 Lsize=       3kB time=00:00:01.88 bitrate=  12.8kbits/s speed=36.2x    
[libx264 @ 0x561328061580] frame I:1     Avg QP:17.00  size:    75
[libx264 @ 0x561328061580] frame P:13    Avg QP:17.38  size:    18
[libx264 @ 0x561328061580] frame B:36    Avg QP:19.67  size:    15
[libx264 @ 0x561328061580] consecutive B-frames:  4.0%  0.0%  0.0% 96.0%
[libx264 @ 0x561328061580] mb I  I16..4: 99.8%  0.0%  0.2%
[libx264 @ 0x561328061580] mb P  I16..4:  0.0%  0.0%  0.0%  P16..4:  0.0%  0.0%  0.0%  0.0%  0.0%    skip:100.0%
[libx264 @ 0x561328061580] mb B  I16..4:  0.0%  0.0%  0.0%  B16..8:  0.0%  0.0%  0.0%  direct: 0.0%  skip:100.0%
[libx264 @ 0x561328061580] 8x8 transform intra:0.0%
[libx264 @ 0x561328061580] coded y,uvDC,uvAC intra: 0.0% 0.0% 0.0% inter: 0.0% 0.0% 0.0%
[libx264 @ 0x561328061580] i16 v,h,dc,p: 94%  0%  6%  0%
[libx264 @ 0x561328061580] i4 v,h,dc,ddl,ddr,vr,hd,vl,hu:  0%  0% 100%  0%  0%  0%  0%  0%  0%
[libx264 @ 0x561328061580] i8c dc,h,v,p: 100%  0%  0%  0%
[libx264 @ 0x561328061580] Weighted P-Frames: Y:0.0% UV:0.0%
[libx264 @ 0x561328061580] kb/s:3.38
ffmpeg version 6.1.1-3ubuntu5 Copyright (c) 2000-2023 the FFmpeg developers
  built with gcc 13 (Ubuntu 13.2.0-23ubuntu3)
  configuration: --prefix=/usr --extra-version=3ubuntu5 --toolchain=hardened --libdir=/usr/lib/x86_64-linux-gnu --incdir=/usr/include/x86_64-linux-gnu --arch=amd64 --enable-gpl --disable-stripping --disable-omx --enable-gnutls --enable-libaom --enable-libass --enable-libbs2b --enable-libcaca --enable-libcdio --enable-libcodec2 --enable-libdav1d --enable-libflite --enable-libfontconfig --enable-libfreetype --enable-libfribidi --enable-libglslang --enable-libgme --enable-libgsm --enable-libharfbuzz --enable-libmp3lame --enable-libmysofa --enable-libopenjpeg --enable-libopenmpt --enable-libopus --enable-librubberband --enable-libshine --enable-libsnappy --enable-libsoxr --enable-libspeex --enable-libtheora --enable-libtwolame --enable-libvidstab --enable-libvorbis --enable-libvpx --enable-libwebp --enable-libx265 --enable-libxml2 --enable-libxvid --enable-libzimg --enable-openal --enable-opencl --enable-opengl --disable-sndio --enable-libvpl --disable-libmfx --enable-libdc1394 --enable-libdrm --enable-libiec61883 --enable-chromaprint --enable-frei0r --enable-ladspa --enable-libbluray --enable-libjack --enable-libpulse --enable-librabbitmq --enable-librist --enable-libsrt --enable-libssh --enable-libsvtav1 --enable-libx264 --enable-libzmq --enable-libzvbi --enable-lv2 --enable-sdl2 --enable-libplacebo --enable-librav1e --enable-pocketsphinx --enable-librsvg --enable-libjxl --enable-shared
  libavutil      58. 29.100 / 58. 29.100
  libavcodec     60. 31.102 / 60. 31.102
  libavformat    60. 16.100 / 60. 16.100
  libavdevice    60.  3.100 / 60.  3.100
  libavfilter     9. 12.100 /  9. 12.100
  libswscale      7.  5.100 /  7.  5.100
  libswresample   4. 12.100 /  4. 12.100
  libpostproc    57.  3.100 / 57.  3.100
Input #0, mov,mp4,m4a,3gp,3g2,mj2, from '/home/runner/work/Isco-Video-Runner/Isco-Video-Runner/engine/output/20260819-072850/clips/01-raw.mp4':
  Metadata:
    major_brand     : isom
    minor_version   : 512
    compatible_brands: isomiso2avc1mp41
    encoder         : Lavf60.16.100
  Duration: 00:00:02.00, start: 0.000000, bitrate: 13 kb/s
  Stream #0:0[0x1](und): Video: h264 (High) (avc1 / 0x31637661), yuv420p(progressive), 640x360 [SAR 1:1 DAR 16:9], 7 kb/s, 25 fps, 25 tbr, 12800 tbn (default)
    Metadata:
      handler_name    : VideoHandler
      vendor_id       : [0][0][0][0]
      encoder         : Lavc60.31.102 libx264
Stream mapping:
  Stream #0:0 -> #0:0 (h264 (native) -> h264 (libx264))
Press [q] to stop, [?] for help
[libx264 @ 0x55d1385d4600] using SAR=1/1
[libx264 @ 0x55d1385d4600] using cpu capabilities: MMX2 SSE2Fast SSSE3 SSE4.2 AVX FMA3 BMI2 AVX2
[libx264 @ 0x55d1385d4600] profile High, level 4.0, 4:2:0, 8-bit
[libx264 @ 0x55d1385d4600] 264 - core 164 r3108 31e19f9 - H.264/MPEG-4 AVC codec - Copyleft 2003-2023 - http://www.videolan.org/x264.html - options: cabac=1 ref=1 deblock=1:0:0 analyse=0x3:0x113 me=hex subme=2 psy=1 psy_rd=1.00:0.00 mixed_ref=0 me_range=16 chroma_me=1 trellis=0 8x8dct=1 cqm=0 deadzone=21,11 fast_pskip=1 chroma_qp_offset=0 threads=6 lookahead_threads=2 sliced_threads=0 nr=0 decimate=1 interlaced=0 bluray_compat=0 constrained_intra=0 bframes=3 b_pyramid=2 b_adapt=1 b_bias=0 direct=1 weightb=1 open_gop=0 weightp=1 keyint=250 keyint_min=25 scenecut=40 intra_refresh=0 rc_lookahead=10 rc=crf mbtree=1 crf=20.0 qcomp=0.60 qpmin=0 qpmax=69 qpstep=4 ip_ratio=1.40 aq=1:1.00
Output #0, mp4, to '/home/runner/work/Isco-Video-Runner/Isco-Video-Runner/engine/output/20260819-072850/clips/01-prepared.mp4':
  Metadata:
    major_brand     : isom
    minor_version   : 512
    compatible_brands: isomiso2avc1mp41
    encoder         : Lavf60.16.100
  Stream #0:0(und): Video: h264 (avc1 / 0x31637661), yuv420p(tv, progressive), 1920x1080 [SAR 1:1 DAR 16:9], q=2-31, 30 fps, 15360 tbn (default)
    Metadata:
      handler_name    : VideoHandler
      vendor_id       : [0][0][0][0]
      encoder         : Lavc60.31.102 libx264
    Side data:
      cpb: bitrate max/min/avg: 0/0/0 buffer size: 0 vbv_delay: N/A
frame=    0 fps=0.0 q=0.0 size=       0kB time=N/A bitrate=N/A speed=N/A    [out#0/mp4 @ 0x55d138512b40] video:7kB audio:0kB subtitle:0kB other streams:0kB global headers:0kB muxing overhead: 26.804547%
frame=   90 fps=0.0 q=-1.0 Lsize=       9kB time=00:00:02.90 bitrate=  25.5kbits/s speed=6.04x    
[libx264 @ 0x55d1385d4600] frame I:1     Avg QP: 7.00  size:   428
[libx264 @ 0x55d1385d4600] frame P:23    Avg QP: 8.22  size:    72
[libx264 @ 0x55d1385d4600] frame B:66    Avg QP:10.67  size:    69
[libx264 @ 0x55d1385d4600] consecutive B-frames:  2.2%  0.0%  0.0% 97.8%
[libx264 @ 0x55d1385d4600] mb I  I16..4: 100.0%  0.0%  0.0%
[libx264 @ 0x55d1385d4600] mb P  I16..4:  0.0%  0.0%  0.0%  P16..4:  0.0%  0.0%  0.0%  0.0%  0.0%    skip:100.0%
[libx264 @ 0x55d1385d4600] mb B  I16..4:  0.0%  0.0%  0.0%  B16..8:  0.0%  0.0%  0.0%  direct: 0.0%  skip:100.0%
[libx264 @ 0x55d1385d4600] 8x8 transform intra:0.0%
[libx264 @ 0x55d1385d4600] coded y,uvDC,uvAC intra: 0.0% 0.0% 0.0% inter: 0.0% 0.0% 0.0%
[libx264 @ 0x55d1385d4600] i16 v,h,dc,p: 99%  0%  1%  0%
[libx264 @ 0x55d1385d4600] i4 v,h,dc,ddl,ddr,vr,hd,vl,hu:  0%  0% 100%  0%  0%  0%  0%  0%  0%
[libx264 @ 0x55d1385d4600] i8c dc,h,v,p: 100%  0%  0%  0%
[libx264 @ 0x55d1385d4600] Weighted P-Frames: Y:0.0% UV:0.0%
[libx264 @ 0x55d1385d4600] kb/s:17.63
ffmpeg version 6.1.1-3ubuntu5 Copyright (c) 2000-2023 the FFmpeg developers
  built with gcc 13 (Ubuntu 13.2.0-23ubuntu3)
  configuration: --prefix=/usr --extra-version=3ubuntu5 --toolchain=hardened --libdir=/usr/lib/x86_64-linux-gnu --incdir=/usr/include/x86_64-linux-gnu --arch=amd64 --enable-gpl --disable-stripping --disable-omx --enable-gnutls --enable-libaom --enable-libass --enable-libbs2b --enable-libcaca --enable-libcdio --enable-libcodec2 --enable-libdav1d --enable-libflite --enable-libfontconfig --enable-libfreetype --enable-libfribidi --enable-libglslang --enable-libgme --enable-libgsm --enable-libharfbuzz --enable-libmp3lame --enable-libmysofa --enable-libopenjpeg --enable-libopenmpt --enable-libopus --enable-librubberband --enable-libshine --enable-libsnappy --enable-libsoxr --enable-libspeex --enable-libtheora --enable-libtwolame --enable-libvidstab --enable-libvorbis --enable-libvpx --enable-libwebp --enable-libx265 --enable-libxml2 --enable-libxvid --enable-libzimg --enable-openal --enable-opencl --enable-opengl --disable-sndio --enable-libvpl --disable-libmfx --enable-libdc1394 --enable-libdrm --enable-libiec61883 --enable-chromaprint --enable-frei0r --enable-ladspa --enable-libbluray --enable-libjack --enable-libpulse --enable-librabbitmq --enable-librist --enable-libsrt --enable-libssh --enable-libsvtav1 --enable-libx264 --enable-libzmq --enable-libzvbi --enable-lv2 --enable-sdl2 --enable-libplacebo --enable-librav1e --enable-pocketsphinx --enable-librsvg --enable-libjxl --enable-shared
  libavutil      58. 29.100 / 58. 29.100
  libavcodec     60. 31.102 / 60. 31.102
  libavformat    60. 16.100 / 60. 16.100
  libavdevice    60.  3.100 / 60.  3.100
  libavfilter     9. 12.100 /  9. 12.100
  libswscale      7.  5.100 /  7.  5.100
  libswresample   4. 12.100 /  4. 12.100
  libpostproc    57.  3.100 / 57.  3.100
Input #0, mov,mp4,m4a,3gp,3g2,mj2, from '/home/runner/work/Isco-Video-Runner/Isco-Video-Runner/engine/output/20260819-072850/visual-review/02-pexels-1-source.mp4':
  Metadata:
    major_brand     : isom
    minor_version   : 512
    compatible_brands: isomiso2avc1mp41
    encoder         : Lavf60.16.100
  Duration: 00:00:02.00, start: 0.000000, bitrate: 13 kb/s
  Stream #0:0[0x1](und): Video: h264 (High) (avc1 / 0x31637661), yuv420p(progressive), 640x360 [SAR 1:1 DAR 16:9], 7 kb/s, 25 fps, 25 tbr, 12800 tbn (default)
    Metadata:
      handler_name    : VideoHandler
      vendor_id       : [0][0][0][0]
      encoder         : Lavc60.31.102 libx264
Stream mapping:
  Stream #0:0 -> #0:0 (h264 (native) -> h264 (libx264))
Press [q] to stop, [?] for help
[libx264 @ 0x560d6f2d4580] using SAR=1/1
[libx264 @ 0x560d6f2d4580] using cpu capabilities: MMX2 SSE2Fast SSSE3 SSE4.2 AVX FMA3 BMI2 AVX2
[libx264 @ 0x560d6f2d4580] profile High, level 2.1, 4:2:0, 8-bit
[libx264 @ 0x560d6f2d4580] 264 - core 164 r3108 31e19f9 - H.264/MPEG-4 AVC codec - Copyleft 2003-2023 - http://www.videolan.org/x264.html - options: cabac=1 ref=1 deblock=1:0:0 analyse=0x3:0x113 me=hex subme=2 psy=1 psy_rd=1.00:0.00 mixed_ref=0 me_range=16 chroma_me=1 trellis=0 8x8dct=1 cqm=0 deadzone=21,11 fast_pskip=1 chroma_qp_offset=0 threads=6 lookahead_threads=2 sliced_threads=0 nr=0 decimate=1 interlaced=0 bluray_compat=0 constrained_intra=0 bframes=3 b_pyramid=2 b_adapt=1 b_bias=0 direct=1 weightb=1 open_gop=0 weightp=1 keyint=250 keyint_min=25 scenecut=40 intra_refresh=0 rc_lookahead=10 rc=crf mbtree=1 crf=30.0 qcomp=0.60 qpmin=0 qpmax=69 qpstep=4 ip_ratio=1.40 aq=1:1.00
Output #0, mp4, to '/home/runner/work/Isco-Video-Runner/Isco-Video-Runner/engine/output/20260819-072850/visual-review/02-pexels-1-preview.mp4':
  Metadata:
    major_brand     : isom
    minor_version   : 512
    compatible_brands: isomiso2avc1mp41
    encoder         : Lavf60.16.100
  Stream #0:0(und): Video: h264 (avc1 / 0x31637661), yuv420p(tv, progressive), 480x270 [SAR 1:1 DAR 16:9], q=2-31, 25 fps, 12800 tbn (default)
    Metadata:
      handler_name    : VideoHandler
      vendor_id       : [0][0][0][0]
      encoder         : Lavc60.31.102 libx264
    Side data:
      cpb: bitrate max/min/avg: 0/0/0 buffer size: 0 vbv_delay: N/A
frame=    0 fps=0.0 q=0.0 size=       0kB time=N/A bitrate=N/A speed=N/A    [mp4 @ 0x560d6f218bc0] Starting second pass: moving the moov atom to the beginning of the file
[out#0/mp4 @ 0x560d6f212ac0] video:1kB audio:0kB subtitle:0kB other streams:0kB global headers:0kB muxing overhead: 96.344648%
frame=   50 fps=0.0 q=-1.0 Lsize=       3kB time=00:00:01.88 bitrate=  12.8kbits/s speed=35.5x    
[libx264 @ 0x560d6f2d4580] frame I:1     Avg QP:17.00  size:    75
[libx264 @ 0x560d6f2d4580] frame P:13    Avg QP:17.38  size:    18
[libx264 @ 0x560d6f2d4580] frame B:36    Avg QP:19.67  size:    15
[libx264 @ 0x560d6f2d4580] consecutive B-frames:  4.0%  0.0%  0.0% 96.0%
[libx264 @ 0x560d6f2d4580] mb I  I16..4: 99.8%  0.0%  0.2%
[libx264 @ 0x560d6f2d4580] mb P  I16..4:  0.0%  0.0%  0.0%  P16..4:  0.0%  0.0%  0.0%  0.0%  0.0%    skip:100.0%
[libx264 @ 0x560d6f2d4580] mb B  I16..4:  0.0%  0.0%  0.0%  B16..8:  0.0%  0.0%  0.0%  direct: 0.0%  skip:100.0%
[libx264 @ 0x560d6f2d4580] 8x8 transform intra:0.0%
[libx264 @ 0x560d6f2d4580] coded y,uvDC,uvAC intra: 0.0% 0.0% 0.0% inter: 0.0% 0.0% 0.0%
[libx264 @ 0x560d6f2d4580] i16 v,h,dc,p: 94%  0%  6%  0%
[libx264 @ 0x560d6f2d4580] i4 v,h,dc,ddl,ddr,vr,hd,vl,hu:  0%  0% 100%  0%  0%  0%  0%  0%  0%
[libx264 @ 0x560d6f2d4580] i8c dc,h,v,p: 100%  0%  0%  0%
[libx264 @ 0x560d6f2d4580] Weighted P-Frames: Y:0.0% UV:0.0%
[libx264 @ 0x560d6f2d4580] kb/s:3.38
ffmpeg version 6.1.1-3ubuntu5 Copyright (c) 2000-2023 the FFmpeg developers
  built with gcc 13 (Ubuntu 13.2.0-23ubuntu3)
  configuration: --prefix=/usr --extra-version=3ubuntu5 --toolchain=hardened --libdir=/usr/lib/x86_64-linux-gnu --incdir=/usr/include/x86_64-linux-gnu --arch=amd64 --enable-gpl --disable-stripping --disable-omx --enable-gnutls --enable-libaom --enable-libass --enable-libbs2b --enable-libcaca --enable-libcdio --enable-libcodec2 --enable-libdav1d --enable-libflite --enable-libfontconfig --enable-libfreetype --enable-libfribidi --enable-libglslang --enable-libgme --enable-libgsm --enable-libharfbuzz --enable-libmp3lame --enable-libmysofa --enable-libopenjpeg --enable-libopenmpt --enable-libopus --enable-librubberband --enable-libshine --enable-libsnappy --enable-libsoxr --enable-libspeex --enable-libtheora --enable-libtwolame --enable-libvidstab --enable-libvorbis --enable-libvpx --enable-libwebp --enable-libx265 --enable-libxml2 --enable-libxvid --enable-libzimg --enable-openal --enable-opencl --enable-opengl --disable-sndio --enable-libvpl --disable-libmfx --enable-libdc1394 --enable-libdrm --enable-libiec61883 --enable-chromaprint --enable-frei0r --enable-ladspa --enable-libbluray --enable-libjack --enable-libpulse --enable-librabbitmq --enable-librist --enable-libsrt --enable-libssh --enable-libsvtav1 --enable-libx264 --enable-libzmq --enable-libzvbi --enable-lv2 --enable-sdl2 --enable-libplacebo --enable-librav1e --enable-pocketsphinx --enable-librsvg --enable-libjxl --enable-shared
  libavutil      58. 29.100 / 58. 29.100
  libavcodec     60. 31.102 / 60. 31.102
  libavformat    60. 16.100 / 60. 16.100
  libavdevice    60.  3.100 / 60.  3.100
  libavfilter     9. 12.100 /  9. 12.100
  libswscale      7.  5.100 /  7.  5.100
  libswresample   4. 12.100 /  4. 12.100
  libpostproc    57.  3.100 / 57.  3.100
Input #0, mov,mp4,m4a,3gp,3g2,mj2, from '/home/runner/work/Isco-Video-Runner/Isco-Video-Runner/engine/output/20260819-072850/clips/02-raw.mp4':
  Metadata:
    major_brand     : isom
    minor_version   : 512
    compatible_brands: isomiso2avc1mp41
    encoder         : Lavf60.16.100
  Duration: 00:00:02.00, start: 0.000000, bitrate: 13 kb/s
  Stream #0:0[0x1](und): Video: h264 (High) (avc1 / 0x31637661), yuv420p(progressive), 640x360 [SAR 1:1 DAR 16:9], 7 kb/s, 25 fps, 25 tbr, 12800 tbn (default)
    Metadata:
      handler_name    : VideoHandler
      vendor_id       : [0][0][0][0]
      encoder         : Lavc60.31.102 libx264
Stream mapping:
  Stream #0:0 -> #0:0 (h264 (native) -> h264 (libx264))
Press [q] to stop, [?] for help
[libx264 @ 0x5566732fc600] using SAR=1/1
[libx264 @ 0x5566732fc600] using cpu capabilities: MMX2 SSE2Fast SSSE3 SSE4.2 AVX FMA3 BMI2 AVX2
[libx264 @ 0x5566732fc600] profile High, level 4.0, 4:2:0, 8-bit
[libx264 @ 0x5566732fc600] 264 - core 164 r3108 31e19f9 - H.264/MPEG-4 AVC codec - Copyleft 2003-2023 - http://www.videolan.org/x264.html - options: cabac=1 ref=1 deblock=1:0:0 analyse=0x3:0x113 me=hex subme=2 psy=1 psy_rd=1.00:0.00 mixed_ref=0 me_range=16 chroma_me=1 trellis=0 8x8dct=1 cqm=0 deadzone=21,11 fast_pskip=1 chroma_qp_offset=0 threads=6 lookahead_threads=2 sliced_threads=0 nr=0 decimate=1 interlaced=0 bluray_compat=0 constrained_intra=0 bframes=3 b_pyramid=2 b_adapt=1 b_bias=0 direct=1 weightb=1 open_gop=0 weightp=1 keyint=250 keyint_min=25 scenecut=40 intra_refresh=0 rc_lookahead=10 rc=crf mbtree=1 crf=20.0 qcomp=0.60 qpmin=0 qpmax=69 qpstep=4 ip_ratio=1.40 aq=1:1.00
Output #0, mp4, to '/home/runner/work/Isco-Video-Runner/Isco-Video-Runner/engine/output/20260819-072850/clips/02-prepared.mp4':
  Metadata:
    major_brand     : isom
    minor_version   : 512
    compatible_brands: isomiso2avc1mp41
    encoder         : Lavf60.16.100
  Stream #0:0(und): Video: h264 (avc1 / 0x31637661), yuv420p(tv, progressive), 1920x1080 [SAR 1:1 DAR 16:9], q=2-31, 30 fps, 15360 tbn (default)
    Metadata:
      handler_name    : VideoHandler
      vendor_id       : [0][0][0][0]
      encoder         : Lavc60.31.102 libx264
    Side data:
      cpb: bitrate max/min/avg: 0/0/0 buffer size: 0 vbv_delay: N/A
frame=    0 fps=0.0 q=0.0 size=       0kB time=N/A bitrate=N/A speed=N/A    [out#0/mp4 @ 0x55667323ab40] video:7kB audio:0kB subtitle:0kB other streams:0kB global headers:0kB muxing overhead: 26.804547%
frame=   90 fps=0.0 q=-1.0 Lsize=       9kB time=00:00:02.90 bitrate=  25.5kbits/s speed=5.94x    
[libx264 @ 0x5566732fc600] frame I:1     Avg QP: 7.00  size:   428
[libx264 @ 0x5566732fc600] frame P:23    Avg QP: 8.22  size:    72
[libx264 @ 0x5566732fc600] frame B:66    Avg QP:10.67  size:    69
[libx264 @ 0x5566732fc600] consecutive B-frames:  2.2%  0.0%  0.0% 97.8%
[libx264 @ 0x5566732fc600] mb I  I16..4: 100.0%  0.0%  0.0%
[libx264 @ 0x5566732fc600] mb P  I16..4:  0.0%  0.0%  0.0%  P16..4:  0.0%  0.0%  0.0%  0.0%  0.0%    skip:100.0%
[libx264 @ 0x5566732fc600] mb B  I16..4:  0.0%  0.0%  0.0%  B16..8:  0.0%  0.0%  0.0%  direct: 0.0%  skip:100.0%
[libx264 @ 0x5566732fc600] 8x8 transform intra:0.0%
[libx264 @ 0x5566732fc600] coded y,uvDC,uvAC intra: 0.0% 0.0% 0.0% inter: 0.0% 0.0% 0.0%
[libx264 @ 0x5566732fc600] i16 v,h,dc,p: 99%  0%  1%  0%
[libx264 @ 0x5566732fc600] i4 v,h,dc,ddl,ddr,vr,hd,vl,hu:  0%  0% 100%  0%  0%  0%  0%  0%  0%
[libx264 @ 0x5566732fc600] i8c dc,h,v,p: 100%  0%  0%  0%
[libx264 @ 0x5566732fc600] Weighted P-Frames: Y:0.0% UV:0.0%
[libx264 @ 0x5566732fc600] kb/s:17.63
ffmpeg version 6.1.1-3ubuntu5 Copyright (c) 2000-2023 the FFmpeg developers
  built with gcc 13 (Ubuntu 13.2.0-23ubuntu3)
  configuration: --prefix=/usr --extra-version=3ubuntu5 --toolchain=hardened --libdir=/usr/lib/x86_64-linux-gnu --incdir=/usr/include/x86_64-linux-gnu --arch=amd64 --enable-gpl --disable-stripping --disable-omx --enable-gnutls --enable-libaom --enable-libass --enable-libbs2b --enable-libcaca --enable-libcdio --enable-libcodec2 --enable-libdav1d --enable-libflite --enable-libfontconfig --enable-libfreetype --enable-libfribidi --enable-libglslang --enable-libgme --enable-libgsm --enable-libharfbuzz --enable-libmp3lame --enable-libmysofa --enable-libopenjpeg --enable-libopenmpt --enable-libopus --enable-librubberband --enable-libshine --enable-libsnappy --enable-libsoxr --enable-libspeex --enable-libtheora --enable-libtwolame --enable-libvidstab --enable-libvorbis --enable-libvpx --enable-libwebp --enable-libx265 --enable-libxml2 --enable-libxvid --enable-libzimg --enable-openal --enable-opencl --enable-opengl --disable-sndio --enable-libvpl --disable-libmfx --enable-libdc1394 --enable-libdrm --enable-libiec61883 --enable-chromaprint --enable-frei0r --enable-ladspa --enable-libbluray --enable-libjack --enable-libpulse --enable-librabbitmq --enable-librist --enable-libsrt --enable-libssh --enable-libsvtav1 --enable-libx264 --enable-libzmq --enable-libzvbi --enable-lv2 --enable-sdl2 --enable-libplacebo --enable-librav1e --enable-pocketsphinx --enable-librsvg --enable-libjxl --enable-shared
  libavutil      58. 29.100 / 58. 29.100
  libavcodec     60. 31.102 / 60. 31.102
  libavformat    60. 16.100 / 60. 16.100
  libavdevice    60.  3.100 / 60.  3.100
  libavfilter     9. 12.100 /  9. 12.100
  libswscale      7.  5.100 /  7.  5.100
  libswresample   4. 12.100 /  4. 12.100
  libpostproc    57.  3.100 / 57.  3.100
[mov,mp4,m4a,3gp,3g2,mj2 @ 0x5639e64a8140] Auto-inserting h264_mp4toannexb bitstream filter
Input #0, concat, from '/home/runner/work/Isco-Video-Runner/Isco-Video-Runner/engine/output/20260819-072850/picture.txt':
  Duration: N/A, start: 0.000000, bitrate: 19 kb/s
  Stream #0:0(und): Video: h264 (High) (avc1 / 0x31637661), yuv420p(progressive), 1920x1080 [SAR 1:1 DAR 16:9], 19 kb/s, 30 fps, 30 tbr, 15360 tbn
    Metadata:
      handler_name    : VideoHandler
      vendor_id       : [0][0][0][0]
      encoder         : Lavc60.31.102 libx264
Output #0, mp4, to '/home/runner/work/Isco-Video-Runner/Isco-Video-Runner/engine/output/20260819-072850/picture.mp4':
  Metadata:
    encoder         : Lavf60.16.100
  Stream #0:0(und): Video: h264 (High) (avc1 / 0x31637661), yuv420p(progressive), 1920x1080 [SAR 1:1 DAR 16:9], q=2-31, 19 kb/s, 30 fps, 30 tbr, 15360 tbn
    Metadata:
      handler_name    : VideoHandler
      vendor_id       : [0][0][0][0]
      encoder         : Lavc60.31.102 libx264
Stream mapping:
  Stream #0:0 -> #0:0 (copy)
Press [q] to stop, [?] for help
size=       0kB time=-00:00:00.06 bitrate=  -0.0kbits/s speed=N/A    [mov,mp4,m4a,3gp,3g2,mj2 @ 0x5639e64a8140] Auto-inserting h264_mp4toannexb bitstream filter
[out#0/mp4 @ 0x5639e6592180] video:14kB audio:0kB subtitle:0kB other streams:0kB global headers:0kB muxing overhead: 20.664760%
size=      17kB time=00:00:05.90 bitrate=  24.0kbits/s speed= 756x    
Input #0, mov,mp4,m4a,3gp,3g2,mj2, from '/home/runner/work/Isco-Video-Runner/Isco-Video-Runner/engine/output/20260819-072850/picture.mp4':
  Metadata:
    major_brand     : isom
    minor_version   : 512
    compatible_brands: isomiso2avc1mp41
    encoder         : Lavf60.16.100
  Duration: 00:00:06.00, start: 0.000000, bitrate: 23 kb/s
  Stream #0:0[0x1](und): Video: h264 (High) (avc1 / 0x31637661), yuv420p(progressive), 1920x1080 [SAR 1:1 DAR 16:9], 19 kb/s, 30 fps, 30 tbr, 15360 tbn (default)
    Metadata:
      handler_name    : VideoHandler
      vendor_id       : [0][0][0][0]
      encoder         : Lavc60.31.102 libx264
[aist#1:0/pcm_s16le @ 0x5609efec01c0] Guessed Channel Layout: mono
Input #1, wav, from '/home/runner/work/Isco-Video-Runner/Isco-Video-Runner/engine/output/20260819-072850/narration.wav':
  Metadata:
    encoder         : Lavf60.16.100
  Duration: 00:00:06.00, bitrate: 705 kb/s
  Stream #1:0: Audio: pcm_s16le ([1][0][0][0] / 0x0001), 44100 Hz, 1 channels, s16, 705 kb/s
Stream mapping:
  Stream #1:0 (pcm_s16le) -> anull:default
  aresample:default -> Stream #0:0 (pcm_s16le)
Press [q] to stop, [?] for help
Output #0, wav, to '/home/runner/work/Isco-Video-Runner/Isco-Video-Runner/engine/output/20260819-072850/final-processed-audio.wav':
  Metadata:
    major_brand     : isom
    minor_version   : 512
    compatible_brands: isomiso2avc1mp41
    ISFT            : Lavf60.16.100
  Stream #0:0: Audio: pcm_s16le ([1][0][0][0] / 0x0001), 48000 Hz, mono, s16, 768 kb/s
    Metadata:
      encoder         : Lavc60.31.102 pcm_s16le
[out#0/wav @ 0x5609efeb7280] video:0kB audio:562kB subtitle:0kB other streams:0kB global headers:0kB muxing overhead: 0.013542%
size=     563kB time=00:00:05.99 bitrate= 768.1kbits/s speed=50.9x    
ffmpeg version 6.1.1-3ubuntu5 Copyright (c) 2000-2023 the FFmpeg developers
  built with gcc 13 (Ubuntu 13.2.0-23ubuntu3)
  configuration: --prefix=/usr --extra-version=3ubuntu5 --toolchain=hardened --libdir=/usr/lib/x86_64-linux-gnu --incdir=/usr/include/x86_64-linux-gnu --arch=amd64 --enable-gpl --disable-stripping --disable-omx --enable-gnutls --enable-libaom --enable-libass --enable-libbs2b --enable-libcaca --enable-libcdio --enable-libcodec2 --enable-libdav1d --enable-libflite --enable-libfontconfig --enable-libfreetype --enable-libfribidi --enable-libglslang --enable-libgme --enable-libgsm --enable-libharfbuzz --enable-libmp3lame --enable-libmysofa --enable-libopenjpeg --enable-libopenmpt --enable-libopus --enable-librubberband --enable-libshine --enable-libsnappy --enable-libsoxr --enable-libspeex --enable-libtheora --enable-libtwolame --enable-libvidstab --enable-libvorbis --enable-libvpx --enable-libwebp --enable-libx265 --enable-libxml2 --enable-libxvid --enable-libzimg --enable-openal --enable-opencl --enable-opengl --disable-sndio --enable-libvpl --disable-libmfx --enable-libdc1394 --enable-libdrm --enable-libiec61883 --enable-chromaprint --enable-frei0r --enable-ladspa --enable-libbluray --enable-libjack --enable-libpulse --enable-librabbitmq --enable-librist --enable-libsrt --enable-libssh --enable-libsvtav1 --enable-libx264 --enable-libzmq --enable-libzvbi --enable-lv2 --enable-sdl2 --enable-libplacebo --enable-librav1e --enable-pocketsphinx --enable-librsvg --enable-libjxl --enable-shared
  libavutil      58. 29.100 / 58. 29.100
  libavcodec     60. 31.102 / 60. 31.102
  libavformat    60. 16.100 / 60. 16.100
  libavdevice    60.  3.100 / 60.  3.100
  libavfilter     9. 12.100 /  9. 12.100
  libswscale      7.  5.100 /  7.  5.100
  libswresample   4. 12.100 /  4. 12.100
  libpostproc    57.  3.100 / 57.  3.100
Input #0, mov,mp4,m4a,3gp,3g2,mj2, from '/home/runner/work/Isco-Video-Runner/Isco-Video-Runner/engine/output/20260819-072850/picture.mp4':
  Metadata:
    major_brand     : isom
    minor_version   : 512
    compatible_brands: isomiso2avc1mp41
    encoder         : Lavf60.16.100
  Duration: 00:00:06.00, start: 0.000000, bitrate: 23 kb/s
  Stream #0:0[0x1](und): Video: h264 (High) (avc1 / 0x31637661), yuv420p(progressive), 1920x1080 [SAR 1:1 DAR 16:9], 19 kb/s, 30 fps, 30 tbr, 15360 tbn (default)
    Metadata:
      handler_name    : VideoHandler
      vendor_id       : [0][0][0][0]
      encoder         : Lavc60.31.102 libx264
[aist#1:0/pcm_s16le @ 0x55776e070b00] Guessed Channel Layout: mono
Input #1, wav, from '/home/runner/work/Isco-Video-Runner/Isco-Video-Runner/engine/output/20260819-072850/final-processed-audio.wav':
  Metadata:
    encoder         : Lavf60.16.100
  Duration: 00:00:06.00, bitrate: 768 kb/s
  Stream #1:0: Audio: pcm_s16le ([1][0][0][0] / 0x0001), 48000 Hz, 1 channels, s16, 768 kb/s
Stream mapping:
  Stream #0:0 -> #0:0 (copy)
  Stream #1:0 -> #0:1 (pcm_s16le (native) -> aac (native))
Press [q] to stop, [?] for help
Output #0, mp4, to '/home/runner/work/Isco-Video-Runner/Isco-Video-Runner/engine/output/20260819-072850/final.mp4':
  Metadata:
    major_brand     : isom
    minor_version   : 512
    compatible_brands: isomiso2avc1mp41
    encoder         : Lavf60.16.100
  Stream #0:0(und): Video: h264 (High) (avc1 / 0x31637661), yuv420p(progressive), 1920x1080 [SAR 1:1 DAR 16:9], q=2-31, 19 kb/s, 30 fps, 30 tbr, 15360 tbn (default)
    Metadata:
      handler_name    : VideoHandler
      vendor_id       : [0][0][0][0]
      encoder         : Lavc60.31.102 libx264
  Stream #0:1: Audio: aac (LC) (mp4a / 0x6134706D), 48000 Hz, mono, fltp, 192 kb/s
    Metadata:
      encoder         : Lavc60.31.102 aac
size=       0kB time=-00:00:00.02 bitrate=  -0.0kbits/s speed=N/A    [out#0/mp4 @ 0x55776e07f2c0] video:14kB audio:98kB subtitle:0kB other streams:0kB global headers:0kB muxing overhead: 6.976825%
size=     120kB time=00:00:05.99 bitrate= 164.5kbits/s speed=19.9x    
[aac @ 0x55776e07c880] Qavg: 64265.887
ffmpeg version 6.1.1-3ubuntu5 Copyright (c) 2000-2023 the FFmpeg developers
  built with gcc 13 (Ubuntu 13.2.0-23ubuntu3)
  configuration: --prefix=/usr --extra-version=3ubuntu5 --toolchain=hardened --libdir=/usr/lib/x86_64-linux-gnu --incdir=/usr/include/x86_64-linux-gnu --arch=amd64 --enable-gpl --disable-stripping --disable-omx --enable-gnutls --enable-libaom --enable-libass --enable-libbs2b --enable-libcaca --enable-libcdio --enable-libcodec2 --enable-libdav1d --enable-libflite --enable-libfontconfig --enable-libfreetype --enable-libfribidi --enable-libglslang --enable-libgme --enable-libgsm --enable-libharfbuzz --enable-libmp3lame --enable-libmysofa --enable-libopenjpeg --enable-libopenmpt --enable-libopus --enable-librubberband --enable-libshine --enable-libsnappy --enable-libsoxr --enable-libspeex --enable-libtheora --enable-libtwolame --enable-libvidstab --enable-libvorbis --enable-libvpx --enable-libwebp --enable-libx265 --enable-libxml2 --enable-libxvid --enable-libzimg --enable-openal --enable-opencl --enable-opengl --disable-sndio --enable-libvpl --disable-libmfx --enable-libdc1394 --enable-libdrm --enable-libiec61883 --enable-chromaprint --enable-frei0r --enable-ladspa --enable-libbluray --enable-libjack --enable-libpulse --enable-librabbitmq --enable-librist --enable-libsrt --enable-libssh --enable-libsvtav1 --enable-libx264 --enable-libzmq --enable-libzvbi --enable-lv2 --enable-sdl2 --enable-libplacebo --enable-librav1e --enable-pocketsphinx --enable-librsvg --enable-libjxl --enable-shared
  libavutil      58. 29.100 / 58. 29.100
  libavcodec     60. 31.102 / 60. 31.102
  libavformat    60. 16.100 / 60. 16.100
  libavdevice    60.  3.100 / 60.  3.100
  libavfilter     9. 12.100 /  9. 12.100
  libswscale      7.  5.100 /  7.  5.100
  libswresample   4. 12.100 /  4. 12.100
  libpostproc    57.  3.100 / 57.  3.100
[aist#0:0/pcm_s16le @ 0x559daeece1c0] Guessed Channel Layout: mono
Input #0, concat, from '/home/runner/work/Isco-Video-Runner/Isco-Video-Runner/engine/output/20260819-072854/narration.txt':
  Duration: N/A, start: 0.000000, bitrate: 705 kb/s
  Stream #0:0: Audio: pcm_s16le ([1][0][0][0] / 0x0001), 44100 Hz, 1 channels, s16, 705 kb/s
Stream mapping:
  Stream #0:0 -> #0:0 (pcm_s16le (native) -> pcm_s16le (native))
Press [q] to stop, [?] for help
Output #0, wav, to '/home/runner/work/Isco-Video-Runner/Isco-Video-Runner/engine/output/20260819-072854/narration.wav':
  Metadata:
    ISFT            : Lavf60.16.100
  Stream #0:0: Audio: pcm_s16le ([1][0][0][0] / 0x0001), 44100 Hz, mono, s16, 705 kb/s
    Metadata:
      encoder         : Lavc60.31.102 pcm_s16le
size=       0kB time=00:00:00.00 bitrate=N/A speed=N/A    [out#0/wav @ 0x559daeea1580] video:0kB audio:258kB subtitle:0kB other streams:0kB global headers:0kB muxing overhead: 0.029478%
size=     258kB time=00:00:02.97 bitrate= 712.4kbits/s speed= 887x    
ffmpeg version 6.1.1-3ubuntu5 Copyright (c) 2000-2023 the FFmpeg developers
  built with gcc 13 (Ubuntu 13.2.0-23ubuntu3)
  configuration: --prefix=/usr --extra-version=3ubuntu5 --toolchain=hardened --libdir=/usr/lib/x86_64-linux-gnu --incdir=/usr/include/x86_64-linux-gnu --arch=amd64 --enable-gpl --disable-stripping --disable-omx --enable-gnutls --enable-libaom --enable-libass --enable-libbs2b --enable-libcaca --enable-libcdio --enable-libcodec2 --enable-libdav1d --enable-libflite --enable-libfontconfig --enable-libfreetype --enable-libfribidi --enable-libglslang --enable-libgme --enable-libgsm --enable-libharfbuzz --enable-libmp3lame --enable-libmysofa --enable-libopenjpeg --enable-libopenmpt --enable-libopus --enable-librubberband --enable-libshine --enable-libsnappy --enable-libsoxr --enable-libspeex --enable-libtheora --enable-libtwolame --enable-libvidstab --enable-libvorbis --enable-libvpx --enable-libwebp --enable-libx265 --enable-libxml2 --enable-libxvid --enable-libzimg --enable-openal --enable-opencl --enable-opengl --disable-sndio --enable-libvpl --disable-libmfx --enable-libdc1394 --enable-libdrm --enable-libiec61883 --enable-chromaprint --enable-frei0r --enable-ladspa --enable-libbluray --enable-libjack --enable-libpulse --enable-librabbitmq --enable-librist --enable-libsrt --enable-libssh --enable-libsvtav1 --enable-libx264 --enable-libzmq --enable-libzvbi --enable-lv2 --enable-sdl2 --enable-libplacebo --enable-librav1e --enable-pocketsphinx --enable-librsvg --enable-libjxl --enable-shared
  libavutil      58. 29.100 / 58. 29.100
  libavcodec     60. 31.102 / 60. 31.102
  libavformat    60. 16.100 / 60. 16.100
  libavdevice    60.  3.100 / 60.  3.100
  libavfilter     9. 12.100 /  9. 12.100
  libswscale      7.  5.100 /  7.  5.100
  libswresample   4. 12.100 /  4. 12.100
  libpostproc    57.  3.100 / 57.  3.100
Input #0, mov,mp4,m4a,3gp,3g2,mj2, from '/home/runner/work/Isco-Video-Runner/Isco-Video-Runner/engine/output/20260819-072854/visual-review/01-pexels-1-source.mp4':
  Metadata:
    major_brand     : isom
    minor_version   : 512
    compatible_brands: isomiso2avc1mp41
    encoder         : Lavf60.16.100
  Duration: 00:00:02.00, start: 0.000000, bitrate: 13 kb/s
  Stream #0:0[0x1](und): Video: h264 (High) (avc1 / 0x31637661), yuv420p(progressive), 640x360 [SAR 1:1 DAR 16:9], 7 kb/s, 25 fps, 25 tbr, 12800 tbn (default)
    Metadata:
      handler_name    : VideoHandler
      vendor_id       : [0][0][0][0]
      encoder         : Lavc60.31.102 libx264
Stream mapping:
  Stream #0:0 -> #0:0 (h264 (native) -> h264 (libx264))
Press [q] to stop, [?] for help
[libx264 @ 0x55bc8a3d6580] using SAR=1/1
[libx264 @ 0x55bc8a3d6580] using cpu capabilities: MMX2 SSE2Fast SSSE3 SSE4.2 AVX FMA3 BMI2 AVX2
[libx264 @ 0x55bc8a3d6580] profile High, level 2.1, 4:2:0, 8-bit
[libx264 @ 0x55bc8a3d6580] 264 - core 164 r3108 31e19f9 - H.264/MPEG-4 AVC codec - Copyleft 2003-2023 - http://www.videolan.org/x264.html - options: cabac=1 ref=1 deblock=1:0:0 analyse=0x3:0x113 me=hex subme=2 psy=1 psy_rd=1.00:0.00 mixed_ref=0 me_range=16 chroma_me=1 trellis=0 8x8dct=1 cqm=0 deadzone=21,11 fast_pskip=1 chroma_qp_offset=0 threads=6 lookahead_threads=2 sliced_threads=0 nr=0 decimate=1 interlaced=0 bluray_compat=0 constrained_intra=0 bframes=3 b_pyramid=2 b_adapt=1 b_bias=0 direct=1 weightb=1 open_gop=0 weightp=1 keyint=250 keyint_min=25 scenecut=40 intra_refresh=0 rc_lookahead=10 rc=crf mbtree=1 crf=30.0 qcomp=0.60 qpmin=0 qpmax=69 qpstep=4 ip_ratio=1.40 aq=1:1.00
Output #0, mp4, to '/home/runner/work/Isco-Video-Runner/Isco-Video-Runner/engine/output/20260819-072854/visual-review/01-pexels-1-preview.mp4':
  Metadata:
    major_brand     : isom
    minor_version   : 512
    compatible_brands: isomiso2avc1mp41
    encoder         : Lavf60.16.100
  Stream #0:0(und): Video: h264 (avc1 / 0x31637661), yuv420p(tv, progressive), 480x270 [SAR 1:1 DAR 16:9], q=2-31, 25 fps, 12800 tbn (default)
    Metadata:
      handler_name    : VideoHandler
      vendor_id       : [0][0][0][0]
      encoder         : Lavc60.31.102 libx264
    Side data:
      cpb: bitrate max/min/avg: 0/0/0 buffer size: 0 vbv_delay: N/A
frame=    0 fps=0.0 q=0.0 size=       0kB time=N/A bitrate=N/A speed=N/A    [mp4 @ 0x55bc8a31abc0] Starting second pass: moving the moov atom to the beginning of the file
[out#0/mp4 @ 0x55bc8a314ac0] video:1kB audio:0kB subtitle:0kB other streams:0kB global headers:0kB muxing overhead: 96.344648%
frame=   50 fps=0.0 q=-1.0 Lsize=       3kB time=00:00:01.88 bitrate=  12.8kbits/s speed=34.2x    
[libx264 @ 0x55bc8a3d6580] frame I:1     Avg QP:17.00  size:    75
[libx264 @ 0x55bc8a3d6580] frame P:13    Avg QP:17.38  size:    18
[libx264 @ 0x55bc8a3d6580] frame B:36    Avg QP:19.67  size:    15
[libx264 @ 0x55bc8a3d6580] consecutive B-frames:  4.0%  0.0%  0.0% 96.0%
[libx264 @ 0x55bc8a3d6580] mb I  I16..4: 99.8%  0.0%  0.2%
[libx264 @ 0x55bc8a3d6580] mb P  I16..4:  0.0%  0.0%  0.0%  P16..4:  0.0%  0.0%  0.0%  0.0%  0.0%    skip:100.0%
[libx264 @ 0x55bc8a3d6580] mb B  I16..4:  0.0%  0.0%  0.0%  B16..8:  0.0%  0.0%  0.0%  direct: 0.0%  skip:100.0%
[libx264 @ 0x55bc8a3d6580] 8x8 transform intra:0.0%
[libx264 @ 0x55bc8a3d6580] coded y,uvDC,uvAC intra: 0.0% 0.0% 0.0% inter: 0.0% 0.0% 0.0%
[libx264 @ 0x55bc8a3d6580] i16 v,h,dc,p: 94%  0%  6%  0%
[libx264 @ 0x55bc8a3d6580] i4 v,h,dc,ddl,ddr,vr,hd,vl,hu:  0%  0% 100%  0%  0%  0%  0%  0%  0%
[libx264 @ 0x55bc8a3d6580] i8c dc,h,v,p: 100%  0%  0%  0%
[libx264 @ 0x55bc8a3d6580] Weighted P-Frames: Y:0.0% UV:0.0%
[libx264 @ 0x55bc8a3d6580] kb/s:3.38
ffmpeg version 6.1.1-3ubuntu5 Copyright (c) 2000-2023 the FFmpeg developers
  built with gcc 13 (Ubuntu 13.2.0-23ubuntu3)
  configuration: --prefix=/usr --extra-version=3ubuntu5 --toolchain=hardened --libdir=/usr/lib/x86_64-linux-gnu --incdir=/usr/include/x86_64-linux-gnu --arch=amd64 --enable-gpl --disable-stripping --disable-omx --enable-gnutls --enable-libaom --enable-libass --enable-libbs2b --enable-libcaca --enable-libcdio --enable-libcodec2 --enable-libdav1d --enable-libflite --enable-libfontconfig --enable-libfreetype --enable-libfribidi --enable-libglslang --enable-libgme --enable-libgsm --enable-libharfbuzz --enable-libmp3lame --enable-libmysofa --enable-libopenjpeg --enable-libopenmpt --enable-libopus --enable-librubberband --enable-libshine --enable-libsnappy --enable-libsoxr --enable-libspeex --enable-libtheora --enable-libtwolame --enable-libvidstab --enable-libvorbis --enable-libvpx --enable-libwebp --enable-libx265 --enable-libxml2 --enable-libxvid --enable-libzimg --enable-openal --enable-opencl --enable-opengl --disable-sndio --enable-libvpl --disable-libmfx --enable-libdc1394 --enable-libdrm --enable-libiec61883 --enable-chromaprint --enable-frei0r --enable-ladspa --enable-libbluray --enable-libjack --enable-libpulse --enable-librabbitmq --enable-librist --enable-libsrt --enable-libssh --enable-libsvtav1 --enable-libx264 --enable-libzmq --enable-libzvbi --enable-lv2 --enable-sdl2 --enable-libplacebo --enable-librav1e --enable-pocketsphinx --enable-librsvg --enable-libjxl --enable-shared
  libavutil      58. 29.100 / 58. 29.100
  libavcodec     60. 31.102 / 60. 31.102
  libavformat    60. 16.100 / 60. 16.100
  libavdevice    60.  3.100 / 60.  3.100
  libavfilter     9. 12.100 /  9. 12.100
  libswscale      7.  5.100 /  7.  5.100
  libswresample   4. 12.100 /  4. 12.100
  libpostproc    57.  3.100 / 57.  3.100
Input #0, mov,mp4,m4a,3gp,3g2,mj2, from '/home/runner/work/Isco-Video-Runner/Isco-Video-Runner/engine/output/20260819-072854/clips/01-raw.mp4':
  Metadata:
    major_brand     : isom
    minor_version   : 512
    compatible_brands: isomiso2avc1mp41
    encoder         : Lavf60.16.100
  Duration: 00:00:02.00, start: 0.000000, bitrate: 13 kb/s
  Stream #0:0[0x1](und): Video: h264 (High) (avc1 / 0x31637661), yuv420p(progressive), 640x360 [SAR 1:1 DAR 16:9], 7 kb/s, 25 fps, 25 tbr, 12800 tbn (default)
    Metadata:
      handler_name    : VideoHandler
      vendor_id       : [0][0][0][0]
      encoder         : Lavc60.31.102 libx264
Stream mapping:
  Stream #0:0 -> #0:0 (h264 (native) -> h264 (libx264))
Press [q] to stop, [?] for help
[libx264 @ 0x55c409c05600] using SAR=1/1
[libx264 @ 0x55c409c05600] using cpu capabilities: MMX2 SSE2Fast SSSE3 SSE4.2 AVX FMA3 BMI2 AVX2
[libx264 @ 0x55c409c05600] profile High, level 4.0, 4:2:0, 8-bit
[libx264 @ 0x55c409c05600] 264 - core 164 r3108 31e19f9 - H.264/MPEG-4 AVC codec - Copyleft 2003-2023 - http://www.videolan.org/x264.html - options: cabac=1 ref=1 deblock=1:0:0 analyse=0x3:0x113 me=hex subme=2 psy=1 psy_rd=1.00:0.00 mixed_ref=0 me_range=16 chroma_me=1 trellis=0 8x8dct=1 cqm=0 deadzone=21,11 fast_pskip=1 chroma_qp_offset=0 threads=6 lookahead_threads=2 sliced_threads=0 nr=0 decimate=1 interlaced=0 bluray_compat=0 constrained_intra=0 bframes=3 b_pyramid=2 b_adapt=1 b_bias=0 direct=1 weightb=1 open_gop=0 weightp=1 keyint=250 keyint_min=25 scenecut=40 intra_refresh=0 rc_lookahead=10 rc=crf mbtree=1 crf=20.0 qcomp=0.60 qpmin=0 qpmax=69 qpstep=4 ip_ratio=1.40 aq=1:1.00
Output #0, mp4, to '/home/runner/work/Isco-Video-Runner/Isco-Video-Runner/engine/output/20260819-072854/clips/01-prepared.mp4':
  Metadata:
    major_brand     : isom
    minor_version   : 512
    compatible_brands: isomiso2avc1mp41
    encoder         : Lavf60.16.100
  Stream #0:0(und): Video: h264 (avc1 / 0x31637661), yuv420p(tv, progressive), 1920x1080 [SAR 1:1 DAR 16:9], q=2-31, 30 fps, 15360 tbn (default)
    Metadata:
      handler_name    : VideoHandler
      vendor_id       : [0][0][0][0]
      encoder         : Lavc60.31.102 libx264
    Side data:
      cpb: bitrate max/min/avg: 0/0/0 buffer size: 0 vbv_delay: N/A
frame=    0 fps=0.0 q=0.0 size=       0kB time=N/A bitrate=N/A speed=N/A    [out#0/mp4 @ 0x55c409b43b40] video:7kB audio:0kB subtitle:0kB other streams:0kB global headers:0kB muxing overhead: 26.804547%
frame=   90 fps=0.0 q=-1.0 Lsize=       9kB time=00:00:02.90 bitrate=  25.5kbits/s speed=6.17x    
[libx264 @ 0x55c409c05600] frame I:1     Avg QP: 7.00  size:   428
[libx264 @ 0x55c409c05600] frame P:23    Avg QP: 8.22  size:    72
[libx264 @ 0x55c409c05600] frame B:66    Avg QP:10.67  size:    69
[libx264 @ 0x55c409c05600] consecutive B-frames:  2.2%  0.0%  0.0% 97.8%
[libx264 @ 0x55c409c05600] mb I  I16..4: 100.0%  0.0%  0.0%
[libx264 @ 0x55c409c05600] mb P  I16..4:  0.0%  0.0%  0.0%  P16..4:  0.0%  0.0%  0.0%  0.0%  0.0%    skip:100.0%
[libx264 @ 0x55c409c05600] mb B  I16..4:  0.0%  0.0%  0.0%  B16..8:  0.0%  0.0%  0.0%  direct: 0.0%  skip:100.0%
[libx264 @ 0x55c409c05600] 8x8 transform intra:0.0%
[libx264 @ 0x55c409c05600] coded y,uvDC,uvAC intra: 0.0% 0.0% 0.0% inter: 0.0% 0.0% 0.0%
[libx264 @ 0x55c409c05600] i16 v,h,dc,p: 99%  0%  1%  0%
[libx264 @ 0x55c409c05600] i4 v,h,dc,ddl,ddr,vr,hd,vl,hu:  0%  0% 100%  0%  0%  0%  0%  0%  0%
[libx264 @ 0x55c409c05600] i8c dc,h,v,p: 100%  0%  0%  0%
[libx264 @ 0x55c409c05600] Weighted P-Frames: Y:0.0% UV:0.0%
[libx264 @ 0x55c409c05600] kb/s:17.63
ffmpeg version 6.1.1-3ubuntu5 Copyright (c) 2000-2023 the FFmpeg developers
  built with gcc 13 (Ubuntu 13.2.0-23ubuntu3)
  configuration: --prefix=/usr --extra-version=3ubuntu5 --toolchain=hardened --libdir=/usr/lib/x86_64-linux-gnu --incdir=/usr/include/x86_64-linux-gnu --arch=amd64 --enable-gpl --disable-stripping --disable-omx --enable-gnutls --enable-libaom --enable-libass --enable-libbs2b --enable-libcaca --enable-libcdio --enable-libcodec2 --enable-libdav1d --enable-libflite --enable-libfontconfig --enable-libfreetype --enable-libfribidi --enable-libglslang --enable-libgme --enable-libgsm --enable-libharfbuzz --enable-libmp3lame --enable-libmysofa --enable-libopenjpeg --enable-libopenmpt --enable-libopus --enable-librubberband --enable-libshine --enable-libsnappy --enable-libsoxr --enable-libspeex --enable-libtheora --enable-libtwolame --enable-libvidstab --enable-libvorbis --enable-libvpx --enable-libwebp --enable-libx265 --enable-libxml2 --enable-libxvid --enable-libzimg --enable-openal --enable-opencl --enable-opengl --disable-sndio --enable-libvpl --disable-libmfx --enable-libdc1394 --enable-libdrm --enable-libiec61883 --enable-chromaprint --enable-frei0r --enable-ladspa --enable-libbluray --enable-libjack --enable-libpulse --enable-librabbitmq --enable-librist --enable-libsrt --enable-libssh --enable-libsvtav1 --enable-libx264 --enable-libzmq --enable-libzvbi --enable-lv2 --enable-sdl2 --enable-libplacebo --enable-librav1e --enable-pocketsphinx --enable-librsvg --enable-libjxl --enable-shared
  libavutil      58. 29.100 / 58. 29.100
  libavcodec     60. 31.102 / 60. 31.102
  libavformat    60. 16.100 / 60. 16.100
  libavdevice    60.  3.100 / 60.  3.100
  libavfilter     9. 12.100 /  9. 12.100
  libswscale      7.  5.100 /  7.  5.100
  libswresample   4. 12.100 /  4. 12.100
  libpostproc    57.  3.100 / 57.  3.100
[mov,mp4,m4a,3gp,3g2,mj2 @ 0x56272f204040] Auto-inserting h264_mp4toannexb bitstream filter
Input #0, concat, from '/home/runner/work/Isco-Video-Runner/Isco-Video-Runner/engine/output/20260819-072854/picture.txt':
  Duration: N/A, start: 0.000000, bitrate: 19 kb/s
  Stream #0:0(und): Video: h264 (High) (avc1 / 0x31637661), yuv420p(progressive), 1920x1080 [SAR 1:1 DAR 16:9], 19 kb/s, 30 fps, 30 tbr, 15360 tbn
    Metadata:
      handler_name    : VideoHandler
      vendor_id       : [0][0][0][0]
      encoder         : Lavc60.31.102 libx264
Output #0, mp4, to '/home/runner/work/Isco-Video-Runner/Isco-Video-Runner/engine/output/20260819-072854/picture.mp4':
  Metadata:
    encoder         : Lavf60.16.100
  Stream #0:0(und): Video: h264 (High) (avc1 / 0x31637661), yuv420p(progressive), 1920x1080 [SAR 1:1 DAR 16:9], q=2-31, 19 kb/s, 30 fps, 30 tbr, 15360 tbn
    Metadata:
      handler_name    : VideoHandler
      vendor_id       : [0][0][0][0]
      encoder         : Lavc60.31.102 libx264
Stream mapping:
  Stream #0:0 -> #0:0 (copy)
Press [q] to stop, [?] for help
size=       0kB time=-00:00:00.06 bitrate=  -0.0kbits/s speed=N/A    [out#0/mp4 @ 0x56272f2ee080] video:7kB audio:0kB subtitle:0kB other streams:0kB global headers:0kB muxing overhead: 26.658493%
size=       9kB time=00:00:02.90 bitrate=  25.6kbits/s speed=2.77e+03x    
Input #0, mov,mp4,m4a,3gp,3g2,mj2, from '/home/runner/work/Isco-Video-Runner/Isco-Video-Runner/engine/output/20260819-072854/picture.mp4':
  Metadata:
    major_brand     : isom
    minor_version   : 512
    compatible_brands: isomiso2avc1mp41
    encoder         : Lavf60.16.100
  Duration: 00:00:03.00, start: 0.000000, bitrate: 24 kb/s
  Stream #0:0[0x1](und): Video: h264 (High) (avc1 / 0x31637661), yuv420p(progressive), 1920x1080 [SAR 1:1 DAR 16:9], 19 kb/s, 30 fps, 30 tbr, 15360 tbn (default)
    Metadata:
      handler_name    : VideoHandler
      vendor_id       : [0][0][0][0]
      encoder         : Lavc60.31.102 libx264
[aist#1:0/pcm_s16le @ 0x5604557974c0] Guessed Channel Layout: mono
Input #1, wav, from '/home/runner/work/Isco-Video-Runner/Isco-Video-Runner/engine/output/20260819-072854/narration.wav':
  Metadata:
    encoder         : Lavf60.16.100
  Duration: 00:00:03.00, bitrate: 705 kb/s
  Stream #1:0: Audio: pcm_s16le ([1][0][0][0] / 0x0001), 44100 Hz, 1 channels, s16, 705 kb/s
Stream mapping:
  Stream #1:0 (pcm_s16le) -> anull:default
  aresample:default -> Stream #0:0 (pcm_s16le)
Press [q] to stop, [?] for help
Output #0, wav, to '/home/runner/work/Isco-Video-Runner/Isco-Video-Runner/engine/output/20260819-072854/final-processed-audio.wav':
  Metadata:
    major_brand     : isom
    minor_version   : 512
    compatible_brands: isomiso2avc1mp41
    ISFT            : Lavf60.16.100
  Stream #0:0: Audio: pcm_s16le ([1][0][0][0] / 0x0001), 48000 Hz, mono, s16, 768 kb/s
    Metadata:
      encoder         : Lavc60.31.102 pcm_s16le
[out#0/wav @ 0x560455749580] video:0kB audio:281kB subtitle:0kB other streams:0kB global headers:0kB muxing overhead: 0.027083%
size=     281kB time=00:00:02.99 bitrate= 768.3kbits/s speed=47.7x    
ffmpeg version 6.1.1-3ubuntu5 Copyright (c) 2000-2023 the FFmpeg developers
  built with gcc 13 (Ubuntu 13.2.0-23ubuntu3)
  configuration: --prefix=/usr --extra-version=3ubuntu5 --toolchain=hardened --libdir=/usr/lib/x86_64-linux-gnu --incdir=/usr/include/x86_64-linux-gnu --arch=amd64 --enable-gpl --disable-stripping --disable-omx --enable-gnutls --enable-libaom --enable-libass --enable-libbs2b --enable-libcaca --enable-libcdio --enable-libcodec2 --enable-libdav1d --enable-libflite --enable-libfontconfig --enable-libfreetype --enable-libfribidi --enable-libglslang --enable-libgme --enable-libgsm --enable-libharfbuzz --enable-libmp3lame --enable-libmysofa --enable-libopenjpeg --enable-libopenmpt --enable-libopus --enable-librubberband --enable-libshine --enable-libsnappy --enable-libsoxr --enable-libspeex --enable-libtheora --enable-libtwolame --enable-libvidstab --enable-libvorbis --enable-libvpx --enable-libwebp --enable-libx265 --enable-libxml2 --enable-libxvid --enable-libzimg --enable-openal --enable-opencl --enable-opengl --disable-sndio --enable-libvpl --disable-libmfx --enable-libdc1394 --enable-libdrm --enable-libiec61883 --enable-chromaprint --enable-frei0r --enable-ladspa --enable-libbluray --enable-libjack --enable-libpulse --enable-librabbitmq --enable-librist --enable-libsrt --enable-libssh --enable-libsvtav1 --enable-libx264 --enable-libzmq --enable-libzvbi --enable-lv2 --enable-sdl2 --enable-libplacebo --enable-librav1e --enable-pocketsphinx --enable-librsvg --enable-libjxl --enable-shared
  libavutil      58. 29.100 / 58. 29.100
  libavcodec     60. 31.102 / 60. 31.102
  libavformat    60. 16.100 / 60. 16.100
  libavdevice    60.  3.100 / 60.  3.100
  libavfilter     9. 12.100 /  9. 12.100
  libswscale      7.  5.100 /  7.  5.100
  libswresample   4. 12.100 /  4. 12.100
  libpostproc    57.  3.100 / 57.  3.100
Input #0, mov,mp4,m4a,3gp,3g2,mj2, from '/home/runner/work/Isco-Video-Runner/Isco-Video-Runner/engine/output/20260819-072854/picture.mp4':
  Metadata:
    major_brand     : isom
    minor_version   : 512
    compatible_brands: isomiso2avc1mp41
    encoder         : Lavf60.16.100
  Duration: 00:00:03.00, start: 0.000000, bitrate: 24 kb/s
  Stream #0:0[0x1](und): Video: h264 (High) (avc1 / 0x31637661), yuv420p(progressive), 1920x1080 [SAR 1:1 DAR 16:9], 19 kb/s, 30 fps, 30 tbr, 15360 tbn (default)
    Metadata:
      handler_name    : VideoHandler
      vendor_id       : [0][0][0][0]
      encoder         : Lavc60.31.102 libx264
[aist#1:0/pcm_s16le @ 0x55ae2cb9dd00] Guessed Channel Layout: mono
Input #1, wav, from '/home/runner/work/Isco-Video-Runner/Isco-Video-Runner/engine/output/20260819-072854/final-processed-audio.wav':
  Metadata:
    encoder         : Lavf60.16.100
  Duration: 00:00:03.00, bitrate: 768 kb/s
  Stream #1:0: Audio: pcm_s16le ([1][0][0][0] / 0x0001), 48000 Hz, 1 channels, s16, 768 kb/s
Stream mapping:
  Stream #0:0 -> #0:0 (copy)
  Stream #1:0 -> #0:1 (pcm_s16le (native) -> aac (native))
Press [q] to stop, [?] for help
Output #0, mp4, to '/home/runner/work/Isco-Video-Runner/Isco-Video-Runner/engine/output/20260819-072854/final.mp4':
  Metadata:
    major_brand     : isom
    minor_version   : 512
    compatible_brands: isomiso2avc1mp41
    encoder         : Lavf60.16.100
  Stream #0:0(und): Video: h264 (High) (avc1 / 0x31637661), yuv420p(progressive), 1920x1080 [SAR 1:1 DAR 16:9], q=2-31, 19 kb/s, 30 fps, 30 tbr, 15360 tbn (default)
    Metadata:
      handler_name    : VideoHandler
      vendor_id       : [0][0][0][0]
      encoder         : Lavc60.31.102 libx264
  Stream #0:1: Audio: aac (LC) (mp4a / 0x6134706D), 48000 Hz, mono, fltp, 192 kb/s
    Metadata:
      encoder         : Lavc60.31.102 aac
size=       0kB time=-00:00:00.02 bitrate=  -0.0kbits/s speed=N/A    [out#0/mp4 @ 0x55ae2cbc2c00] video:7kB audio:49kB subtitle:0kB other streams:0kB global headers:0kB muxing overhead: 8.176839%
size=      61kB time=00:00:02.98 bitrate= 167.7kbits/s speed=18.7x    
[aac @ 0x55ae2cb71380] Qavg: 63030.445
ffmpeg version 6.1.1-3ubuntu5 Copyright (c) 2000-2023 the FFmpeg developers
  built with gcc 13 (Ubuntu 13.2.0-23ubuntu3)
  configuration: --prefix=/usr --extra-version=3ubuntu5 --toolchain=hardened --libdir=/usr/lib/x86_64-linux-gnu --incdir=/usr/include/x86_64-linux-gnu --arch=amd64 --enable-gpl --disable-stripping --disable-omx --enable-gnutls --enable-libaom --enable-libass --enable-libbs2b --enable-libcaca --enable-libcdio --enable-libcodec2 --enable-libdav1d --enable-libflite --enable-libfontconfig --enable-libfreetype --enable-libfribidi --enable-libglslang --enable-libgme --enable-libgsm --enable-libharfbuzz --enable-libmp3lame --enable-libmysofa --enable-libopenjpeg --enable-libopenmpt --enable-libopus --enable-librubberband --enable-libshine --enable-libsnappy --enable-libsoxr --enable-libspeex --enable-libtheora --enable-libtwolame --enable-libvidstab --enable-libvorbis --enable-libvpx --enable-libwebp --enable-libx265 --enable-libxml2 --enable-libxvid --enable-libzimg --enable-openal --enable-opencl --enable-opengl --disable-sndio --enable-libvpl --disable-libmfx --enable-libdc1394 --enable-libdrm --enable-libiec61883 --enable-chromaprint --enable-frei0r --enable-ladspa --enable-libbluray --enable-libjack --enable-libpulse --enable-librabbitmq --enable-librist --enable-libsrt --enable-libssh --enable-libsvtav1 --enable-libx264 --enable-libzmq --enable-libzvbi --enable-lv2 --enable-sdl2 --enable-libplacebo --enable-librav1e --enable-pocketsphinx --enable-librsvg --enable-libjxl --enable-shared
  libavutil      58. 29.100 / 58. 29.100
  libavcodec     60. 31.102 / 60. 31.102
  libavformat    60. 16.100 / 60. 16.100
  libavdevice    60.  3.100 / 60.  3.100
  libavfilter     9. 12.100 /  9. 12.100
  libswscale      7.  5.100 /  7.  5.100
  libswresample   4. 12.100 /  4. 12.100
  libpostproc    57.  3.100 / 57.  3.100
[aist#0:0/pcm_s16le @ 0x55a65a9921c0] Guessed Channel Layout: mono
Input #0, concat, from '/home/runner/work/Isco-Video-Runner/Isco-Video-Runner/engine/output/20260819-072855/narration.txt':
  Duration: N/A, start: 0.000000, bitrate: 705 kb/s
  Stream #0:0: Audio: pcm_s16le ([1][0][0][0] / 0x0001), 44100 Hz, 1 channels, s16, 705 kb/s
Stream mapping:
  Stream #0:0 -> #0:0 (pcm_s16le (native) -> pcm_s16le (native))
Press [q] to stop, [?] for help
Output #0, wav, to '/home/runner/work/Isco-Video-Runner/Isco-Video-Runner/engine/output/20260819-072855/narration.wav':
  Metadata:
    ISFT            : Lavf60.16.100
  Stream #0:0: Audio: pcm_s16le ([1][0][0][0] / 0x0001), 44100 Hz, mono, s16, 705 kb/s
    Metadata:
      encoder         : Lavc60.31.102 pcm_s16le
size=       0kB time=00:00:00.00 bitrate=N/A speed=N/A    [out#0/wav @ 0x55a65a965580] video:0kB audio:258kB subtitle:0kB other streams:0kB global headers:0kB muxing overhead: 0.029478%
size=     258kB time=00:00:02.97 bitrate= 712.4kbits/s speed= 907x    
ffmpeg version 6.1.1-3ubuntu5 Copyright (c) 2000-2023 the FFmpeg developers
  built with gcc 13 (Ubuntu 13.2.0-23ubuntu3)
  configuration: --prefix=/usr --extra-version=3ubuntu5 --toolchain=hardened --libdir=/usr/lib/x86_64-linux-gnu --incdir=/usr/include/x86_64-linux-gnu --arch=amd64 --enable-gpl --disable-stripping --disable-omx --enable-gnutls --enable-libaom --enable-libass --enable-libbs2b --enable-libcaca --enable-libcdio --enable-libcodec2 --enable-libdav1d --enable-libflite --enable-libfontconfig --enable-libfreetype --enable-libfribidi --enable-libglslang --enable-libgme --enable-libgsm --enable-libharfbuzz --enable-libmp3lame --enable-libmysofa --enable-libopenjpeg --enable-libopenmpt --enable-libopus --enable-librubberband --enable-libshine --enable-libsnappy --enable-libsoxr --enable-libspeex --enable-libtheora --enable-libtwolame --enable-libvidstab --enable-libvorbis --enable-libvpx --enable-libwebp --enable-libx265 --enable-libxml2 --enable-libxvid --enable-libzimg --enable-openal --enable-opencl --enable-opengl --disable-sndio --enable-libvpl --disable-libmfx --enable-libdc1394 --enable-libdrm --enable-libiec61883 --enable-chromaprint --enable-frei0r --enable-ladspa --enable-libbluray --enable-libjack --enable-libpulse --enable-librabbitmq --enable-librist --enable-libsrt --enable-libssh --enable-libsvtav1 --enable-libx264 --enable-libzmq --enable-libzvbi --enable-lv2 --enable-sdl2 --enable-libplacebo --enable-librav1e --enable-pocketsphinx --enable-librsvg --enable-libjxl --enable-shared
  libavutil      58. 29.100 / 58. 29.100
  libavcodec     60. 31.102 / 60. 31.102
  libavformat    60. 16.100 / 60. 16.100
  libavdevice    60.  3.100 / 60.  3.100
  libavfilter     9. 12.100 /  9. 12.100
  libswscale      7.  5.100 /  7.  5.100
  libswresample   4. 12.100 /  4. 12.100
  libpostproc    57.  3.100 / 57.  3.100
Input #0, mov,mp4,m4a,3gp,3g2,mj2, from '/home/runner/work/Isco-Video-Runner/Isco-Video-Runner/engine/output/20260819-072855/visual-review/01-pexels-1-source.mp4':
  Metadata:
    major_brand     : isom
    minor_version   : 512
    compatible_brands: isomiso2avc1mp41
    encoder         : Lavf60.16.100
  Duration: 00:00:02.00, start: 0.000000, bitrate: 13 kb/s
  Stream #0:0[0x1](und): Video: h264 (High) (avc1 / 0x31637661), yuv420p(progressive), 640x360 [SAR 1:1 DAR 16:9], 7 kb/s, 25 fps, 25 tbr, 12800 tbn (default)
    Metadata:
      handler_name    : VideoHandler
      vendor_id       : [0][0][0][0]
      encoder         : Lavc60.31.102 libx264
Stream mapping:
  Stream #0:0 -> #0:0 (h264 (native) -> h264 (libx264))
Press [q] to stop, [?] for help
[libx264 @ 0x55d62f630580] using SAR=1/1
[libx264 @ 0x55d62f630580] using cpu capabilities: MMX2 SSE2Fast SSSE3 SSE4.2 AVX FMA3 BMI2 AVX2
[libx264 @ 0x55d62f630580] profile High, level 2.1, 4:2:0, 8-bit
[libx264 @ 0x55d62f630580] 264 - core 164 r3108 31e19f9 - H.264/MPEG-4 AVC codec - Copyleft 2003-2023 - http://www.videolan.org/x264.html - options: cabac=1 ref=1 deblock=1:0:0 analyse=0x3:0x113 me=hex subme=2 psy=1 psy_rd=1.00:0.00 mixed_ref=0 me_range=16 chroma_me=1 trellis=0 8x8dct=1 cqm=0 deadzone=21,11 fast_pskip=1 chroma_qp_offset=0 threads=6 lookahead_threads=2 sliced_threads=0 nr=0 decimate=1 interlaced=0 bluray_compat=0 constrained_intra=0 bframes=3 b_pyramid=2 b_adapt=1 b_bias=0 direct=1 weightb=1 open_gop=0 weightp=1 keyint=250 keyint_min=25 scenecut=40 intra_refresh=0 rc_lookahead=10 rc=crf mbtree=1 crf=30.0 qcomp=0.60 qpmin=0 qpmax=69 qpstep=4 ip_ratio=1.40 aq=1:1.00
Output #0, mp4, to '/home/runner/work/Isco-Video-Runner/Isco-Video-Runner/engine/output/20260819-072855/visual-review/01-pexels-1-preview.mp4':
  Metadata:
    major_brand     : isom
    minor_version   : 512
    compatible_brands: isomiso2avc1mp41
    encoder         : Lavf60.16.100
  Stream #0:0(und): Video: h264 (avc1 / 0x31637661), yuv420p(tv, progressive), 480x270 [SAR 1:1 DAR 16:9], q=2-31, 25 fps, 12800 tbn (default)
    Metadata:
      handler_name    : VideoHandler
      vendor_id       : [0][0][0][0]
      encoder         : Lavc60.31.102 libx264
    Side data:
      cpb: bitrate max/min/avg: 0/0/0 buffer size: 0 vbv_delay: N/A
frame=    0 fps=0.0 q=0.0 size=       0kB time=N/A bitrate=N/A speed=N/A    [mp4 @ 0x55d62f574bc0] Starting second pass: moving the moov atom to the beginning of the file
[out#0/mp4 @ 0x55d62f56eac0] video:1kB audio:0kB subtitle:0kB other streams:0kB global headers:0kB muxing overhead: 96.344648%
frame=   50 fps=0.0 q=-1.0 Lsize=       3kB time=00:00:01.88 bitrate=  12.8kbits/s speed=29.4x    
[libx264 @ 0x55d62f630580] frame I:1     Avg QP:17.00  size:    75
[libx264 @ 0x55d62f630580] frame P:13    Avg QP:17.38  size:    18
[libx264 @ 0x55d62f630580] frame B:36    Avg QP:19.67  size:    15
[libx264 @ 0x55d62f630580] consecutive B-frames:  4.0%  0.0%  0.0% 96.0%
[libx264 @ 0x55d62f630580] mb I  I16..4: 99.8%  0.0%  0.2%
[libx264 @ 0x55d62f630580] mb P  I16..4:  0.0%  0.0%  0.0%  P16..4:  0.0%  0.0%  0.0%  0.0%  0.0%    skip:100.0%
[libx264 @ 0x55d62f630580] mb B  I16..4:  0.0%  0.0%  0.0%  B16..8:  0.0%  0.0%  0.0%  direct: 0.0%  skip:100.0%
[libx264 @ 0x55d62f630580] 8x8 transform intra:0.0%
[libx264 @ 0x55d62f630580] coded y,uvDC,uvAC intra: 0.0% 0.0% 0.0% inter: 0.0% 0.0% 0.0%
[libx264 @ 0x55d62f630580] i16 v,h,dc,p: 94%  0%  6%  0%
[libx264 @ 0x55d62f630580] i4 v,h,dc,ddl,ddr,vr,hd,vl,hu:  0%  0% 100%  0%  0%  0%  0%  0%  0%
[libx264 @ 0x55d62f630580] i8c dc,h,v,p: 100%  0%  0%  0%
[libx264 @ 0x55d62f630580] Weighted P-Frames: Y:0.0% UV:0.0%
[libx264 @ 0x55d62f630580] kb/s:3.38
ffmpeg version 6.1.1-3ubuntu5 Copyright (c) 2000-2023 the FFmpeg developers
  built with gcc 13 (Ubuntu 13.2.0-23ubuntu3)
  configuration: --prefix=/usr --extra-version=3ubuntu5 --toolchain=hardened --libdir=/usr/lib/x86_64-linux-gnu --incdir=/usr/include/x86_64-linux-gnu --arch=amd64 --enable-gpl --disable-stripping --disable-omx --enable-gnutls --enable-libaom --enable-libass --enable-libbs2b --enable-libcaca --enable-libcdio --enable-libcodec2 --enable-libdav1d --enable-libflite --enable-libfontconfig --enable-libfreetype --enable-libfribidi --enable-libglslang --enable-libgme --enable-libgsm --enable-libharfbuzz --enable-libmp3lame --enable-libmysofa --enable-libopenjpeg --enable-libopenmpt --enable-libopus --enable-librubberband --enable-libshine --enable-libsnappy --enable-libsoxr --enable-libspeex --enable-libtheora --enable-libtwolame --enable-libvidstab --enable-libvorbis --enable-libvpx --enable-libwebp --enable-libx265 --enable-libxml2 --enable-libxvid --enable-libzimg --enable-openal --enable-opencl --enable-opengl --disable-sndio --enable-libvpl --disable-libmfx --enable-libdc1394 --enable-libdrm --enable-libiec61883 --enable-chromaprint --enable-frei0r --enable-ladspa --enable-libbluray --enable-libjack --enable-libpulse --enable-librabbitmq --enable-librist --enable-libsrt --enable-libssh --enable-libsvtav1 --enable-libx264 --enable-libzmq --enable-libzvbi --enable-lv2 --enable-sdl2 --enable-libplacebo --enable-librav1e --enable-pocketsphinx --enable-librsvg --enable-libjxl --enable-shared
  libavutil      58. 29.100 / 58. 29.100
  libavcodec     60. 31.102 / 60. 31.102
  libavformat    60. 16.100 / 60. 16.100
  libavdevice    60.  3.100 / 60.  3.100
  libavfilter     9. 12.100 /  9. 12.100
  libswscale      7.  5.100 /  7.  5.100
  libswresample   4. 12.100 /  4. 12.100
  libpostproc    57.  3.100 / 57.  3.100
Input #0, mov,mp4,m4a,3gp,3g2,mj2, from '/home/runner/work/Isco-Video-Runner/Isco-Video-Runner/engine/output/20260819-072855/clips/01-raw.mp4':
  Metadata:
    major_brand     : isom
    minor_version   : 512
    compatible_brands: isomiso2avc1mp41
    encoder         : Lavf60.16.100
  Duration: 00:00:02.00, start: 0.000000, bitrate: 13 kb/s
  Stream #0:0[0x1](und): Video: h264 (High) (avc1 / 0x31637661), yuv420p(progressive), 640x360 [SAR 1:1 DAR 16:9], 7 kb/s, 25 fps, 25 tbr, 12800 tbn (default)
    Metadata:
      handler_name    : VideoHandler
      vendor_id       : [0][0][0][0]
      encoder         : Lavc60.31.102 libx264
Stream mapping:
  Stream #0:0 -> #0:0 (h264 (native) -> h264 (libx264))
Press [q] to stop, [?] for help
[libx264 @ 0x55e660fca600] using SAR=1/1
[libx264 @ 0x55e660fca600] using cpu capabilities: MMX2 SSE2Fast SSSE3 SSE4.2 AVX FMA3 BMI2 AVX2
[libx264 @ 0x55e660fca600] profile High, level 4.0, 4:2:0, 8-bit
[libx264 @ 0x55e660fca600] 264 - core 164 r3108 31e19f9 - H.264/MPEG-4 AVC codec - Copyleft 2003-2023 - http://www.videolan.org/x264.html - options: cabac=1 ref=1 deblock=1:0:0 analyse=0x3:0x113 me=hex subme=2 psy=1 psy_rd=1.00:0.00 mixed_ref=0 me_range=16 chroma_me=1 trellis=0 8x8dct=1 cqm=0 deadzone=21,11 fast_pskip=1 chroma_qp_offset=0 threads=6 lookahead_threads=2 sliced_threads=0 nr=0 decimate=1 interlaced=0 bluray_compat=0 constrained_intra=0 bframes=3 b_pyramid=2 b_adapt=1 b_bias=0 direct=1 weightb=1 open_gop=0 weightp=1 keyint=250 keyint_min=25 scenecut=40 intra_refresh=0 rc_lookahead=10 rc=crf mbtree=1 crf=20.0 qcomp=0.60 qpmin=0 qpmax=69 qpstep=4 ip_ratio=1.40 aq=1:1.00
Output #0, mp4, to '/home/runner/work/Isco-Video-Runner/Isco-Video-Runner/engine/output/20260819-072855/clips/01-prepared.mp4':
  Metadata:
    major_brand     : isom
    minor_version   : 512
    compatible_brands: isomiso2avc1mp41
    encoder         : Lavf60.16.100
  Stream #0:0(und): Video: h264 (avc1 / 0x31637661), yuv420p(tv, progressive), 1920x1080 [SAR 1:1 DAR 16:9], q=2-31, 30 fps, 15360 tbn (default)
    Metadata:
      handler_name    : VideoHandler
      vendor_id       : [0][0][0][0]
      encoder         : Lavc60.31.102 libx264
    Side data:
      cpb: bitrate max/min/avg: 0/0/0 buffer size: 0 vbv_delay: N/A
frame=    0 fps=0.0 q=0.0 size=       0kB time=N/A bitrate=N/A speed=N/A    [out#0/mp4 @ 0x55e660f08b40] video:7kB audio:0kB subtitle:0kB other streams:0kB global headers:0kB muxing overhead: 26.804547%
frame=   90 fps=0.0 q=-1.0 Lsize=       9kB time=00:00:02.90 bitrate=  25.5kbits/s speed=5.18x    
[libx264 @ 0x55e660fca600] frame I:1     Avg QP: 7.00  size:   428
[libx264 @ 0x55e660fca600] frame P:23    Avg QP: 8.22  size:    72
[libx264 @ 0x55e660fca600] frame B:66    Avg QP:10.67  size:    69
[libx264 @ 0x55e660fca600] consecutive B-frames:  2.2%  0.0%  0.0% 97.8%
[libx264 @ 0x55e660fca600] mb I  I16..4: 100.0%  0.0%  0.0%
[libx264 @ 0x55e660fca600] mb P  I16..4:  0.0%  0.0%  0.0%  P16..4:  0.0%  0.0%  0.0%  0.0%  0.0%    skip:100.0%
[libx264 @ 0x55e660fca600] mb B  I16..4:  0.0%  0.0%  0.0%  B16..8:  0.0%  0.0%  0.0%  direct: 0.0%  skip:100.0%
[libx264 @ 0x55e660fca600] 8x8 transform intra:0.0%
[libx264 @ 0x55e660fca600] coded y,uvDC,uvAC intra: 0.0% 0.0% 0.0% inter: 0.0% 0.0% 0.0%
[libx264 @ 0x55e660fca600] i16 v,h,dc,p: 99%  0%  1%  0%
[libx264 @ 0x55e660fca600] i4 v,h,dc,ddl,ddr,vr,hd,vl,hu:  0%  0% 100%  0%  0%  0%  0%  0%  0%
[libx264 @ 0x55e660fca600] i8c dc,h,v,p: 100%  0%  0%  0%
[libx264 @ 0x55e660fca600] Weighted P-Frames: Y:0.0% UV:0.0%
[libx264 @ 0x55e660fca600] kb/s:17.63
ffmpeg version 6.1.1-3ubuntu5 Copyright (c) 2000-2023 the FFmpeg developers
  built with gcc 13 (Ubuntu 13.2.0-23ubuntu3)
  configuration: --prefix=/usr --extra-version=3ubuntu5 --toolchain=hardened --libdir=/usr/lib/x86_64-linux-gnu --incdir=/usr/include/x86_64-linux-gnu --arch=amd64 --enable-gpl --disable-stripping --disable-omx --enable-gnutls --enable-libaom --enable-libass --enable-libbs2b --enable-libcaca --enable-libcdio --enable-libcodec2 --enable-libdav1d --enable-libflite --enable-libfontconfig --enable-libfreetype --enable-libfribidi --enable-libglslang --enable-libgme --enable-libgsm --enable-libharfbuzz --enable-libmp3lame --enable-libmysofa --enable-libopenjpeg --enable-libopenmpt --enable-libopus --enable-librubberband --enable-libshine --enable-libsnappy --enable-libsoxr --enable-libspeex --enable-libtheora --enable-libtwolame --enable-libvidstab --enable-libvorbis --enable-libvpx --enable-libwebp --enable-libx265 --enable-libxml2 --enable-libxvid --enable-libzimg --enable-openal --enable-opencl --enable-opengl --disable-sndio --enable-libvpl --disable-libmfx --enable-libdc1394 --enable-libdrm --enable-libiec61883 --enable-chromaprint --enable-frei0r --enable-ladspa --enable-libbluray --enable-libjack --enable-libpulse --enable-librabbitmq --enable-librist --enable-libsrt --enable-libssh --enable-libsvtav1 --enable-libx264 --enable-libzmq --enable-libzvbi --enable-lv2 --enable-sdl2 --enable-libplacebo --enable-librav1e --enable-pocketsphinx --enable-librsvg --enable-libjxl --enable-shared
  libavutil      58. 29.100 / 58. 29.100
  libavcodec     60. 31.102 / 60. 31.102
  libavformat    60. 16.100 / 60. 16.100
  libavdevice    60.  3.100 / 60.  3.100
  libavfilter     9. 12.100 /  9. 12.100
  libswscale      7.  5.100 /  7.  5.100
  libswresample   4. 12.100 /  4. 12.100
  libpostproc    57.  3.100 / 57.  3.100
[mov,mp4,m4a,3gp,3g2,mj2 @ 0x56045ca23040] Auto-inserting h264_mp4toannexb bitstream filter
Input #0, concat, from '/home/runner/work/Isco-Video-Runner/Isco-Video-Runner/engine/output/20260819-072855/picture.txt':
  Duration: N/A, start: 0.000000, bitrate: 19 kb/s
  Stream #0:0(und): Video: h264 (High) (avc1 / 0x31637661), yuv420p(progressive), 1920x1080 [SAR 1:1 DAR 16:9], 19 kb/s, 30 fps, 30 tbr, 15360 tbn
    Metadata:
      handler_name    : VideoHandler
      vendor_id       : [0][0][0][0]
      encoder         : Lavc60.31.102 libx264
Output #0, mp4, to '/home/runner/work/Isco-Video-Runner/Isco-Video-Runner/engine/output/20260819-072855/picture.mp4':
  Metadata:
    encoder         : Lavf60.16.100
  Stream #0:0(und): Video: h264 (High) (avc1 / 0x31637661), yuv420p(progressive), 1920x1080 [SAR 1:1 DAR 16:9], q=2-31, 19 kb/s, 30 fps, 30 tbr, 15360 tbn
    Metadata:
      handler_name    : VideoHandler
      vendor_id       : [0][0][0][0]
      encoder         : Lavc60.31.102 libx264
Stream mapping:
  Stream #0:0 -> #0:0 (copy)
Press [q] to stop, [?] for help
size=       0kB time=-00:00:00.06 bitrate=  -0.0kbits/s speed=N/A    [out#0/mp4 @ 0x56045cb0d080] video:7kB audio:0kB subtitle:0kB other streams:0kB global headers:0kB muxing overhead: 26.658493%
size=       9kB time=00:00:02.90 bitrate=  25.6kbits/s speed=2.58e+03x    
Input #0, mov,mp4,m4a,3gp,3g2,mj2, from '/home/runner/work/Isco-Video-Runner/Isco-Video-Runner/engine/output/20260819-072855/picture.mp4':
  Metadata:
    major_brand     : isom
    minor_version   : 512
    compatible_brands: isomiso2avc1mp41
    encoder         : Lavf60.16.100
  Duration: 00:00:03.00, start: 0.000000, bitrate: 24 kb/s
  Stream #0:0[0x1](und): Video: h264 (High) (avc1 / 0x31637661), yuv420p(progressive), 1920x1080 [SAR 1:1 DAR 16:9], 19 kb/s, 30 fps, 30 tbr, 15360 tbn (default)
    Metadata:
      handler_name    : VideoHandler
      vendor_id       : [0][0][0][0]
      encoder         : Lavc60.31.102 libx264
[aist#1:0/pcm_s16le @ 0x55b299b7a4c0] Guessed Channel Layout: mono
Input #1, wav, from '/home/runner/work/Isco-Video-Runner/Isco-Video-Runner/engine/output/20260819-072855/narration.wav':
  Metadata:
    encoder         : Lavf60.16.100
  Duration: 00:00:03.00, bitrate: 705 kb/s
  Stream #1:0: Audio: pcm_s16le ([1][0][0][0] / 0x0001), 44100 Hz, 1 channels, s16, 705 kb/s
Stream mapping:
  Stream #1:0 (pcm_s16le) -> anull:default
  aresample:default -> Stream #0:0 (pcm_s16le)
Press [q] to stop, [?] for help
Output #0, wav, to '/home/runner/work/Isco-Video-Runner/Isco-Video-Runner/engine/output/20260819-072855/final-processed-audio.wav':
  Metadata:
    major_brand     : isom
    minor_version   : 512
    compatible_brands: isomiso2avc1mp41
    ISFT            : Lavf60.16.100
  Stream #0:0: Audio: pcm_s16le ([1][0][0][0] / 0x0001), 48000 Hz, mono, s16, 768 kb/s
    Metadata:
      encoder         : Lavc60.31.102 pcm_s16le
[out#0/wav @ 0x55b299b2c580] video:0kB audio:281kB subtitle:0kB other streams:0kB global headers:0kB muxing overhead: 0.027083%
size=     281kB time=00:00:02.99 bitrate= 768.3kbits/s speed=44.8x    
ffmpeg version 6.1.1-3ubuntu5 Copyright (c) 2000-2023 the FFmpeg developers
  built with gcc 13 (Ubuntu 13.2.0-23ubuntu3)
  configuration: --prefix=/usr --extra-version=3ubuntu5 --toolchain=hardened --libdir=/usr/lib/x86_64-linux-gnu --incdir=/usr/include/x86_64-linux-gnu --arch=amd64 --enable-gpl --disable-stripping --disable-omx --enable-gnutls --enable-libaom --enable-libass --enable-libbs2b --enable-libcaca --enable-libcdio --enable-libcodec2 --enable-libdav1d --enable-libflite --enable-libfontconfig --enable-libfreetype --enable-libfribidi --enable-libglslang --enable-libgme --enable-libgsm --enable-libharfbuzz --enable-libmp3lame --enable-libmysofa --enable-libopenjpeg --enable-libopenmpt --enable-libopus --enable-librubberband --enable-libshine --enable-libsnappy --enable-libsoxr --enable-libspeex --enable-libtheora --enable-libtwolame --enable-libvidstab --enable-libvorbis --enable-libvpx --enable-libwebp --enable-libx265 --enable-libxml2 --enable-libxvid --enable-libzimg --enable-openal --enable-opencl --enable-opengl --disable-sndio --enable-libvpl --disable-libmfx --enable-libdc1394 --enable-libdrm --enable-libiec61883 --enable-chromaprint --enable-frei0r --enable-ladspa --enable-libbluray --enable-libjack --enable-libpulse --enable-librabbitmq --enable-librist --enable-libsrt --enable-libssh --enable-libsvtav1 --enable-libx264 --enable-libzmq --enable-libzvbi --enable-lv2 --enable-sdl2 --enable-libplacebo --enable-librav1e --enable-pocketsphinx --enable-librsvg --enable-libjxl --enable-shared
  libavutil      58. 29.100 / 58. 29.100
  libavcodec     60. 31.102 / 60. 31.102
  libavformat    60. 16.100 / 60. 16.100
  libavdevice    60.  3.100 / 60.  3.100
  libavfilter     9. 12.100 /  9. 12.100
  libswscale      7.  5.100 /  7.  5.100
  libswresample   4. 12.100 /  4. 12.100
  libpostproc    57.  3.100 / 57.  3.100
Input #0, mov,mp4,m4a,3gp,3g2,mj2, from '/home/runner/work/Isco-Video-Runner/Isco-Video-Runner/engine/output/20260819-072855/picture.mp4':
  Metadata:
    major_brand     : isom
    minor_version   : 512
    compatible_brands: isomiso2avc1mp41
    encoder         : Lavf60.16.100
  Duration: 00:00:03.00, start: 0.000000, bitrate: 24 kb/s
  Stream #0:0[0x1](und): Video: h264 (High) (avc1 / 0x31637661), yuv420p(progressive), 1920x1080 [SAR 1:1 DAR 16:9], 19 kb/s, 30 fps, 30 tbr, 15360 tbn (default)
    Metadata:
      handler_name    : VideoHandler
      vendor_id       : [0][0][0][0]
      encoder         : Lavc60.31.102 libx264
[aist#1:0/pcm_s16le @ 0x556c1e940d00] Guessed Channel Layout: mono
Input #1, wav, from '/home/runner/work/Isco-Video-Runner/Isco-Video-Runner/engine/output/20260819-072855/final-processed-audio.wav':
  Metadata:
    encoder         : Lavf60.16.100
  Duration: 00:00:03.00, bitrate: 768 kb/s
  Stream #1:0: Audio: pcm_s16le ([1][0][0][0] / 0x0001), 48000 Hz, 1 channels, s16, 768 kb/s
Stream mapping:
  Stream #0:0 -> #0:0 (copy)
  Stream #1:0 -> #0:1 (pcm_s16le (native) -> aac (native))
Press [q] to stop, [?] for help
Output #0, mp4, to '/home/runner/work/Isco-Video-Runner/Isco-Video-Runner/engine/output/20260819-072855/final.mp4':
  Metadata:
    major_brand     : isom
    minor_version   : 512
    compatible_brands: isomiso2avc1mp41
    encoder         : Lavf60.16.100
  Stream #0:0(und): Video: h264 (High) (avc1 / 0x31637661), yuv420p(progressive), 1920x1080 [SAR 1:1 DAR 16:9], q=2-31, 19 kb/s, 30 fps, 30 tbr, 15360 tbn (default)
    Metadata:
      handler_name    : VideoHandler
      vendor_id       : [0][0][0][0]
      encoder         : Lavc60.31.102 libx264
  Stream #0:1: Audio: aac (LC) (mp4a / 0x6134706D), 48000 Hz, mono, fltp, 192 kb/s
    Metadata:
      encoder         : Lavc60.31.102 aac
size=       0kB time=-00:00:00.02 bitrate=  -0.0kbits/s speed=N/A    [out#0/mp4 @ 0x556c1e965c00] video:7kB audio:49kB subtitle:0kB other streams:0kB global headers:0kB muxing overhead: 8.176839%
size=      61kB time=00:00:02.98 bitrate= 167.7kbits/s speed=18.7x    
[aac @ 0x556c1e914380] Qavg: 63030.445
======================================================================
ERROR: test_full_final_critic_path_excludes_analytics_but_keeps_creative_human_learning (test_analytics_isolation.AnalyticsIsolationTests.test_full_final_critic_path_excludes_analytics_but_keeps_creative_human_learning)
----------------------------------------------------------------------
Traceback (most recent call last):
  File "/home/runner/work/Isco-Video-Runner/Isco-Video-Runner/engine/tests/test_analytics_isolation.py", line 136, in test_full_final_critic_path_excludes_analytics_but_keeps_creative_human_learning
    result = production_pipeline._run_final_critic(
             ^^^^^^^^^^^^^^^^^^^^^^^^^^^^^^^^^^^^^^
  File "/home/runner/work/Isco-Video-Runner/Isco-Video-Runner/engine/src/isco_video_agent/production_pipeline.py", line 215, in _run_final_critic
    raise RuntimeError("Final critic blocked release; inspect final-critic.json")
RuntimeError: Final critic blocked release; inspect final-critic.json

----------------------------------------------------------------------
Ran 403 tests in 18.823s

FAILED (errors=1)
Visual audit BLOCK: section=s2 candidate=2 reason=rejected
Visual audit BLOCK: section=s1 candidate=1 reason=a
Visual audit BLOCK: section=s1 candidate=2 reason=b
Visual audit BLOCK: section=s1 candidate=3 reason=c
Visual audit BLOCK: section=s1 candidate=111 reason=wrong visual
Visual audit BLOCK: section=s1 candidate=222 reason=unsafe
Dialogue TTS selected: A=Iapetus, B=Gacrux
Visual candidate scored: 8/10
Visual provider selected: pixabay
Audio measurement: integrated_lufs=-16.06 true_peak_dbtp=-12.00 lra=0.00 threshold=-26.06 expected_lufs=-16.00 lufs_delta=-0.06 audio_ok=True
AV-sync check: video_stream_duration=3.000 audio_stream_duration=3.000 av_delta_seconds=0.000 audio_coverage_ratio=1.0000 av_sync_ok=True
Visual candidate scored: 8/10
Visual provider selected: pixabay
Audio measurement: integrated_lufs=-16.06 true_peak_dbtp=-12.00 lra=0.00 threshold=-26.06 expected_lufs=-16.00 lufs_delta=-0.06 audio_ok=True
AV-sync check: video_stream_duration=3.000 audio_stream_duration=3.000 av_delta_seconds=0.000 audio_coverage_ratio=1.0000 av_sync_ok=True
Visual candidate scored: 7/10
Visual provider selected: pexels
Audio measurement: integrated_lufs=-16.06 true_peak_dbtp=-12.00 lra=0.00 threshold=-26.06 expected_lufs=-16.00 lufs_delta=-0.06 audio_ok=True
AV-sync check: video_stream_duration=3.000 audio_stream_duration=3.000 av_delta_seconds=0.000 audio_coverage_ratio=1.0000 av_sync_ok=True
Visual candidate scored: 9/10
Visual provider selected: pexels
Visual candidate scored: 9/10
Visual provider selected: pexels
Audio measurement: integrated_lufs=-16.06 true_peak_dbtp=-12.00 lra=0.00 threshold=-26.06 expected_lufs=-16.00 lufs_delta=-0.06 audio_ok=True
AV-sync check: video_stream_duration=6.000 audio_stream_duration=6.000 av_delta_seconds=0.000 audio_coverage_ratio=1.0000 av_sync_ok=True
Visual candidate scored: 9/10
Visual provider selected: pexels
Audio measurement: integrated_lufs=-16.06 true_peak_dbtp=-12.00 lra=0.00 threshold=-26.06 expected_lufs=-16.00 lufs_delta=-0.06 audio_ok=True
AV-sync check: video_stream_duration=3.000 audio_stream_duration=3.000 av_delta_seconds=0.000 audio_coverage_ratio=1.0000 av_sync_ok=True
Visual candidate scored: 9/10
Visual provider selected: pexels
Audio measurement: integrated_lufs=-16.06 true_peak_dbtp=-12.00 lra=0.00 threshold=-26.06 expected_lufs=-16.00 lufs_delta=-0.06 audio_ok=True
AV-sync check: video_stream_duration=3.000 audio_stream_duration=3.000 av_delta_seconds=0.000 audio_coverage_ratio=1.0000 av_sync_ok=True
Script Doctor bounded under-length retry: current_words=664 minimum=800 deficit=136 retry_limit=1
Script Doctor bounded retry result_words=880
Script Doctor bounded under-length retry: current_words=793 minimum=800 deficit=7 retry_limit=1
Script Doctor bounded retry result_words=799
Script Doctor bounded under-length retry: current_words=664 minimum=800 deficit=136 retry_limit=1
Script Doctor bounded under-length retry: current_words=664 minimum=800 deficit=136 retry_limit=1
Script Doctor bounded retry result_words=1464
Script Doctor bounded under-length retry: current_words=664 minimum=800 deficit=136 retry_limit=1
Script Doctor bounded retry result_words=880
